"","V1","V2","V3","V4","V5","V6"
"1",-1.34616146336804,-0.335018308187518,-0.0610962575422592,-0.552917690108767,1.40470016438411,0.890493554822467
"2",-1.61333596787075,0.291853130018376,1.25873997931382,0.663124528461049,-0.532116744158506,-0.0682649257639884
"3",-1.88884226041049,-0.214198259705174,0.505430342158927,0.129785472953883,0.598200822494614,0.869623882508235
"4",-0.56961207205222,0.771527427273269,1.09707154680908,-1.26075256720567,0.782909505967152,-0.821143840791605
"5",-0.581216516465695,0.654855663717706,1.63750444354938,-0.932385559269751,0.0461412197388481,-0.824899251270486
"6",-1.64844433059666,0.925273133780312,1.09849267502404,0.153780845411384,-0.0969331781358891,-0.432169145483187
"7",0.695024859139739,-1.00891923273081,-0.157541059506231,0.117732045451299,-1.12656484816023,1.48026823580623
"8",-1.30457617845714,-0.38854809384151,-0.182781662344469,0.49009445668097,-0.285172206427588,1.67098368438974
"9",-0.765341490730506,1.01660932001297,0.613269460403114,-1.17147396845728,1.04374979510794,-0.736813116336243
"10",-0.863251360528754,-0.615591464109877,-0.357803392670157,0.475750041634069,-0.458732246318779,1.8196284219935
"11",1.6039257011598,-0.670806418723196,-0.464522585884035,-1.12551017608272,0.702033401711753,-0.0451199221816013
"12",-1.35033818095682,-0.646705104495141,-0.630076697297151,1.06391086957378,0.719778363761163,0.843430749414165
"13",-0.923898636574868,-0.824158776484949,-0.493560785806657,0.327571260862685,0.155624504750055,1.75842243325373
"14",-1.21085741506724,1.57542735730032,0.274636867942709,-0.67313203784079,0.528208812893818,-0.494283585228816
"15",1.43173723362177,-1.09019509414548,-0.305489722340838,-0.645470612786175,-0.425342817979487,1.03476101363021
"16",-0.955696224052309,0.131144375649509,-0.477685287616974,-0.92709542324281,1.61306114937317,0.616271409889412
"17",0.329596302123969,0.63442710658022,1.32366906688132,-1.16098477602215,0.0507096465935282,-1.17741734615689
"18",2.02977700113774,-0.30649221824778,-0.265340352904248,-0.497733305935031,-0.421278707128389,-0.538932416922292
"19",0.945207410792439,0.195372834853577,0.967257010539207,-1.68582236730941,0.106625161106578,-0.528640049982394
"20",-0.42769518938552,-1.02080952558402,-0.645213067891196,-0.225553236281161,0.603604241581815,1.71566677756008
"21",-0.931822748485889,0.150204015344232,-0.0171214425969578,1.87704478448598,-0.584893083734868,-0.4934115250125
"22",-0.933442535854229,-0.173414229515916,0.507353939365981,1.06902153655618,-1.37233870680914,0.902819996257127
"23",1.99973550042468,-0.574053457692089,-0.458569856499687,-0.140604123833209,-0.636756754357903,-0.189751308041788
"24",-0.546858127561788,-0.859119178594496,-0.707767993420325,-0.349879058039903,0.841436046209883,1.62218831140663
"25",1.90268085712952,-0.7505253618799,-0.645685780291752,-0.464239311978942,-0.323767863762905,0.281537460783984
"26",1.9776596994997,-0.624025209458797,-0.46922904785689,-0.112746421537306,-0.676379139422933,-0.0952798812237693
"27",2.0144545026321,-0.547006288508127,-0.436465597084294,-0.107110692694943,-0.545639584954939,-0.378232339389799
"28",1.97014544400647,-0.620518883097911,-0.421743085337313,0.0350195711301863,-0.694522528081594,-0.268380518619837
"29",0.0524953249969276,0.723687739470242,1.51895278811027,-1.01637935279078,-0.242095829924082,-1.03666066986258
"30",1.6531005081513,-1.1496083622411,-0.876129861131623,-0.00117333125836204,-0.0456746391851461,0.419485685664929
"31",2.04055799267833,-0.390105821346976,-0.371410728668171,-0.437479178189236,-0.405080121830654,-0.436482142643296
"32",2.00728748751455,-0.657778215811013,-0.5591933180581,-0.349625423432898,-0.27550678199558,-0.165183748216955
"33",0.143918956396382,0.978434206345736,0.891824808467232,-1.02879463566134,0.424557967682815,-1.40994130323083
"34",-0.347533423700273,1.27085113026718,0.185782471466592,-1.11115295060218,0.999770550431507,-0.997717777862824
"35",2.04046618467756,-0.437014671347201,-0.391784648785406,-0.374728169054224,-0.444606720444124,-0.392331975046608
"36",-0.271122118175214,1.31044477852934,1.01285660125351,-0.0410375323971689,-0.723330560779333,-1.28781116843114
"37",-0.61701470017034,-0.859096319515036,-0.619981636094297,-0.376273607699699,0.849537398394262,1.62282886508511
"38",1.91515136166194,-0.0785158347036253,-0.131840475041681,-0.886103507181533,-0.102473431958522,-0.716218112776575
"39",1.99695267667,-0.199430924490724,-0.229578205449475,-0.66794904611981,-0.264861918313235,-0.63513258229676
"40",2.04104425275479,-0.410236606130706,-0.391513621578285,-0.395060381518456,-0.429973090866374,-0.414260552660967
"41",1.96388468914397,-0.490200863346505,-0.588562604278641,0.0593446412001555,-0.703451910689729,-0.241013952029254
"42",-0.496699678769839,-0.332232642410115,0.565599655782281,-1.59983291236622,0.813579404960592,1.0495861728033
"43",1.21698521109737,0.84033041119303,-0.29217040398715,-1.11440674970113,0.472689526063642,-1.12342799466576
"44",1.42693280788324,-1.02087673474332,-0.789845569229173,-0.773176713088182,0.454527877259909,0.702438331917531
"45",2.00903545923926,-0.704564647712417,-0.494271280817645,-0.220516282857991,-0.311730736815121,-0.277952511036084
"46",1.25436869963503,0.271824590665516,0.210425540343149,-1.46348683094622,0.614865101541931,-0.887997101239406
"47",2.04120032271123,-0.406849222145245,-0.405757296275494,-0.398357754377274,-0.415866277024313,-0.414369772888906
"48",1.85293897225979,-0.920225519720246,-0.740759350343653,-0.333494865699175,-0.0870935208680508,0.228634284371339
"49",1.98672212797902,-0.588146022508415,-0.581346363502238,-0.58123017978817,-0.159105921005943,-0.0768936411742537
"50",1.77828543035373,0.0636112521930919,0.24502295270327,-0.899552744308117,-0.233473032802382,-0.953893858139593
"51",1.62426067127973,-0.95984494337392,-0.48337963614594,-0.32380028375365,-0.667462154422676,0.810226346416459
"52",-0.0259109506378863,-1.15429752826483,-0.656280631380386,-0.457673093042129,0.702577556077265,1.59158464724797
"53",-0.132922520553327,-1.01603486671147,-0.859148279663347,-0.361105042965063,0.813867954137934,1.55534275575527
"54",2.0330176811424,-0.494729689103428,-0.469022806821636,-0.471381043669161,-0.323091997017354,-0.274792144530826
"55",2.04117299268782,-0.410384319194061,-0.423198335251198,-0.402490590760311,-0.40469651920556,-0.400403228276693
"56",1.96828404791048,-0.797137168733171,-0.580705342126905,-0.287616041102324,-0.262401303674582,-0.0404241922735027
"57",2.03407314419717,-0.501526832428768,-0.467105817336665,-0.427993839505354,-0.375651309278467,-0.261795345647911
"58",2.0411071094298,-0.421267284878613,-0.415700859510712,-0.397654435290276,-0.414877118955944,-0.391607410794253
"59",2.03550968017876,-0.477314543542475,-0.475946243969661,-0.449810445204088,-0.31249701044794,-0.319941437014598
"60",1.45977166499309,-0.860573976580873,-0.756732748798307,-0.495791951195608,-0.41381165007522,1.06713866165691
"61",1.98054927350693,-0.582245788251529,-0.537229639970883,-0.401420511519396,-0.532332625933049,0.0726792921679315
"62",1.9337016935032,-0.731510216480944,-0.53999074048966,-0.506571869458781,-0.365369065608771,0.209740198534951
"63",1.08413338810374,-0.826548493265534,-0.87529845208981,-0.128545658517772,-0.646759996426544,1.39301921219591
"64",0.225713842937081,-0.943531472276282,-0.0272896214706487,0.28574620287134,-1.16152393976958,1.62088498770809
"65",1.94481117490479,-0.696720067539034,-0.582043228484345,-0.626335279920915,-0.0345514261837374,-0.0051611727767582
"66",0.84636721308112,-1.10976190028384,-0.899694249416897,-0.373378048084172,0.0889453507903208,1.44752163391347
"67",1.8130731931865,-0.717409455410712,-0.711651572559315,-0.434384960339087,-0.475654048936702,0.526026844059316
"68",-1.00779378541255,-0.652592573082786,-0.542119145158956,1.71189909950503,-0.0815267256484164,0.572133129797679
"69",-0.630084858342148,-0.131530050307732,-0.386511689185068,1.92154303146328,-0.858347655161416,0.084931221533081
"70",2.03615289838224,-0.482203661263503,-0.480694520314705,-0.418137421157478,-0.350640492563856,-0.304476803082695
"71",1.80949276443657,-0.771865249098978,-0.584372134911826,-0.37188944263798,-0.609390809160772,0.528024871372988
"72",1.40375192019244,-0.30748446236217,-0.397855436322727,1.08707628036709,-0.914259568060776,-0.87122873381386
"73",2.03496720773456,-0.335564242936666,-0.31111647187234,-0.501100523602099,-0.394295741328213,-0.492890227995241
"74",1.96402048050184,-0.25171779177905,-0.0866722157150069,-0.215443196125713,-0.580554921976294,-0.829632354905773
"75",1.39081332010169,-0.94654744324918,-0.735412923197734,-0.926266954802612,0.486569410035179,0.730844591112656
"76",1.73658498798477,-0.56179694605413,-0.729993412847324,0.547039477850648,-0.911035560609135,-0.0807985463248269
"77",2.03458973887565,-0.275343852614478,-0.413075132939246,-0.444708229479102,-0.380316272311275,-0.521146251531546
"78",-1.10665419101297,0.714108898712738,1.56389778709152,-0.633530872712989,-0.638776515420476,0.100954893342179
"79",1.83417770270702,-0.388631881774532,-0.542133769842893,0.478996977573261,-0.745439766557847,-0.636969262105005
"80",1.86831715103627,0.173388131592884,-0.311959211067855,-0.978051621325639,-0.108544230034411,-0.643150220201244
"81",0.320352969825643,1.02021030543235,0.447463198466572,-1.27966405277811,0.717818102783681,-1.22618052373014
"82",1.43546420297621,-0.985591722733902,0.0817749072765991,-1.02576782679745,-0.380270316777941,0.874390756056484
"83",1.3496348153034,-1.08876471340359,0.0386956347843645,-0.930718892985212,-0.364925112112916,0.996078268413953
"84",1.82005023056657,-0.270804751336495,-0.359186197193037,-1.21637692476435,-0.0375762175918048,0.0638938603191211
"85",2.02229812080253,-0.466015015410562,-0.353403819653933,-0.161792433617574,-0.528860512674723,-0.51222633944574
"86",1.85785098055711,-0.859914171370039,-0.290237665242745,-0.560449371413,-0.520701336060283,0.373451563528962
"87",-0.710663887379862,1.03843712146669,0.691282400711774,0.974327318178025,-0.960412661434738,-1.03297029154189
"88",1.95404447606416,-0.649415606946606,-0.510345485932796,-0.435141007896174,-0.530054939327934,0.170912564039353
"89",1.65541974278991,0.284024877753893,-0.0466177317693817,-1.07286291031677,0.177187851518098,-0.997151829975745
"90",1.88954130554642,-0.767032082008527,-0.65272942900468,0.29376210198562,-0.518601949648019,-0.244939946870815
"91",-0.555735961320357,0.0818673883827065,0.230998506187523,1.82319989649554,-0.960921926706645,-0.619407903038773
"92",-0.21639178956976,1.46970209155347,0.825084674191188,-0.549600680101261,-0.197952654514475,-1.33084164155916
"93",1.97101703912552,-0.112963430194193,-0.109843506223302,-0.365386034566378,-0.673282733420556,-0.709541334721093
"94",0.498524843908833,-1.25557365480767,-0.98136774220831,1.29737587138698,-0.243959227467907,0.68499990918808
"95",2.0209929436178,-0.614879069921551,-0.461386087114931,-0.266599280485843,-0.44776066074143,-0.230367845354047
"96",-0.966628007189256,1.34725145665554,0.422308559495578,-0.708191400614888,0.837552386657118,-0.932292995004095
"97",-0.214089073921386,0.240113283346313,1.88251193756531,-0.876957926726343,-0.67630120781097,-0.355277012452928
"98",-0.768369670014154,1.45547346394442,0.716188029850578,0.380101156845164,-0.744120068167321,-1.03927291245868
"99",0.349344189115281,1.43268643672232,0.591504940142185,-0.470146804208272,-0.481052420036322,-1.42233634173519
"100",1.67225112488402,0.583216789632296,-0.0437363217055838,-0.434495944149095,-0.672456443807043,-1.1047792048546
"101",0.702620068308191,-0.261365475802695,0.15489035372309,0.457331916341685,-1.87765716945971,0.824180306889436
"102",1.20074234135253,-0.874749316287602,-0.189885535125414,-0.472983593700596,-0.944332974057679,1.28120907781876
"103",2.03111262841082,-0.258380447887736,-0.355763237403491,-0.386528595385638,-0.493476857632322,-0.536963490101638
"104",1.87715163464886,0.00362295632219484,0.100737531474795,-0.338942888352433,-0.787807471744725,-0.854761762348696
"105",1.8243891439765,0.24510184826744,-0.0763976502289613,-0.243153803436224,-0.787149589689295,-0.962789948889455
"106",1.93507406422063,-0.677397545002009,-0.589538121211234,-0.198099691545172,-0.621900507507209,0.151861801044998
"107",-0.897486534572568,1.4553314057644,0.188810117270235,-0.359038189752895,0.76453583583737,-1.15215263454655
"108",1.19094302291063,0.104471108959048,0.462616117677501,0.652584242168319,-1.31784507122679,-1.0927694204887
"109",2.03165003861798,-0.324527816844669,-0.262363616888567,-0.448333072237619,-0.478079653136868,-0.518345879510256
"110",2.00179046815341,-0.23088717098075,-0.222998006507137,-0.638620418878694,-0.269490610974659,-0.639794260812173
"111",-0.25637342966984,1.17762169356016,0.553382557732996,-1.139003393391,0.803678936593454,-1.13930636482577
"112",0.630420242168044,0.990915749982855,0.329346484091268,-1.19683667468921,0.570607419576591,-1.32445322112955
"113",1.95802922905942,-0.679820052909114,-0.467710004750478,-0.393757394464691,-0.55717731419018,0.14043553725504
"114",1.87354796490842,-0.737716009280421,-0.636222122851665,-0.341100779028795,-0.533072894571132,0.374563840823597
"115",1.50753355179934,0.807932016188942,-1.02547084538671,-0.370696866558938,0.0215098564454744,-0.940807712488103
"116",1.98575482848166,0.00504511754826903,-0.575621404323144,-0.535687214151629,-0.278967839112814,-0.600523488442338
"117",1.62337021980627,-0.140526116800094,-0.277812470957894,0.684349538270571,-1.02991639408681,-0.859464776232041
"118",1.77846153193411,-0.8526482525284,-0.7637490940467,-0.622067058000885,0.0996478553106229,0.360355017331252
"119",2.04108764474235,-0.410058370645456,-0.400075573570686,-0.38921739400088,-0.422032181083132,-0.419704125442193
"120",2.04111208363688,-0.421188271350016,-0.415691197838798,-0.392045945767596,-0.414433423192071,-0.397753245488395
"121",2.04073026915105,-0.415631512046778,-0.399571803991193,-0.36913074604453,-0.433099572880978,-0.423296634187575
"122",2.04082473542251,-0.411972354883998,-0.42319688506622,-0.368562593071498,-0.421455568999767,-0.415637333401027
"123",1.96729599274227,-0.646822141000217,-0.61083638688044,-0.565600102623339,-0.135144137026949,-0.00889322521132641
"124",2.01640813180386,-0.628734426658391,-0.516022727345605,-0.394355612342998,-0.199341006050584,-0.277954359406278
"125",2.04113439438604,-0.41331860475518,-0.406674142022947,-0.391381759629527,-0.422748857757685,-0.407011030220705
"126",1.92065116172199,-0.843144699495602,-0.616941568503345,-0.201633747178213,-0.399104586041747,0.140173439496919
"127",1.34057915533858,-1.04432894452544,-1.01196134492665,-0.0349836616886961,-0.259145953311068,1.00984074911328
"128",2.01510400308908,-0.162824558803576,-0.432858348711978,-0.299072535192128,-0.625146736102907,-0.495201824278495
"129",1.54266838421512,-1.02151867631473,-0.628967775683505,-0.843044433319999,0.379828627990258,0.571033873112853
"130",2.00798557729394,-0.566404634159321,-0.565670418388553,-0.470666120871642,-0.311154636652301,-0.0940897672221206
"131",-0.0285688578159569,-0.911490370342407,-0.636347685647248,-0.866076695987782,1.09779381439109,1.34468979540231
"132",2.04123269472408,-0.404829029027152,-0.408065692775794,-0.412366153808305,-0.405332230410629,-0.410639588702199
"133",1.81736672951172,-0.752014476168774,-0.554462920546778,-0.423504776131129,-0.609841084768416,0.522456528103381
"134",1.84790861718226,0.102267293285643,0.103401394660468,-0.369850592097727,-0.771770517051015,-0.911956195979626
"135",1.40603668681323,-1.03791858934358,-0.784506242616308,-0.351130452476232,-0.291703801225006,1.0592223988479
"136",0.99690215648558,-1.29825928757245,-0.876298065606377,0.00864747407329645,-0.0748315261296842,1.24383924874963
"137",1.92130069417153,-0.709578440824814,-0.564289293442092,-0.426579335511283,-0.484807354566442,0.263953730173105
"138",2.03012570696241,-0.511601372697338,-0.473033556046703,-0.483541188210191,-0.254638957372876,-0.307310632635305
"139",2.03943421182555,-0.445847600495086,-0.443634828428719,-0.345674841868203,-0.435262151875863,-0.369014789157678
"140",2.03716966726071,-0.423844553031253,-0.429514488412332,-0.286302068113786,-0.4720262160393,-0.425482341664037
"141",0.302331795907216,-1.04998868418383,-0.682322362636255,-0.803414921082389,1.43375791813152,0.799636253863739
"142",2.00033508460971,-0.196923547466184,-0.254902944133898,-0.644775777305637,-0.263713742823739,-0.640019072880248
"143",2.02232136678479,-0.5346209088617,-0.507679179195849,-0.498219792854305,-0.275319679426198,-0.206481806446734
"144",2.04063995691657,-0.426584545652935,-0.381583053030426,-0.377603158639191,-0.438011595212703,-0.416857604381314
"145",2.03092496790731,-0.319599212376653,-0.467435274004715,-0.253617533226698,-0.489556439722221,-0.500716508577022
"146",2.04120412266743,-0.412085352080875,-0.411447107915459,-0.410625104625181,-0.410858795997093,-0.396187762048821
"147",2.04085479936372,-0.422970487851189,-0.410349276338316,-0.379324379867107,-0.433697364121751,-0.394513291185356
"148",2.04026522939946,-0.455983257752788,-0.413168196647892,-0.35997372627297,-0.397386788415858,-0.413753260309957
"149",1.23587204074453,-1.02197210261051,-0.902876900553363,-0.718414115167449,0.472921884175184,0.934469193411608
"150",0.0547901599192743,-0.502672879575449,-0.716326824388789,1.93500353384801,-0.693531325846554,-0.0772626639564915
"151",1.98807223058932,-0.286681917371171,-0.109659121263408,-0.269651013374276,-0.718908444305188,-0.603171734275278
"152",1.92435510787501,-0.72631419168209,-0.586592227736004,-0.632690490742145,0.12177801508175,-0.100536212796523
"153",0.824263369817048,-0.269747199221864,-0.643392949587925,1.62345780880353,-0.869239356531004,-0.665341673279789
"154",0.58257989615162,-1.05335846675229,-0.259369735594588,0.21785142554508,-1.02936325833907,1.54166013898925
"155",1.90554296661291,-0.731021339175489,-0.443370413715283,-0.28927729878024,-0.698759542936228,0.256885627994327
"156",1.98820023315895,-0.129768430857172,-0.596493059006793,-0.122843998818746,-0.642200490835398,-0.496894253640839
"157",1.94334192249168,-0.701036506865681,-0.693276879459453,-0.49981242687581,-0.0371296753175164,-0.0120864339732223
"158",2.01942580525342,-0.50159745410078,-0.559879269700344,-0.180988697887994,-0.493988454251522,-0.282971929312782
"159",0.513581085499508,-0.969974706089368,-0.0804684124014019,0.230444157669966,-1.20488861145119,1.51130648677249
"160",1.75898244473678,-0.788695009081107,-0.788213919884049,-0.714119266155699,0.191333211537156,0.340712538846918
"161",0.564188195962234,-0.957467392565684,-0.912946640025045,-0.800920301946955,0.86652955904236,1.24061657953309
"162",2.03605208639199,-0.278373283355229,-0.439018174280496,-0.393892509601204,-0.434871216744183,-0.489896902410878
"163",2.03563225383544,-0.370256050075616,-0.343656829585135,-0.329703523329442,-0.507401575995983,-0.484614274849267
"164",2.0409164497969,-0.392749984782907,-0.390791967051251,-0.398027866580788,-0.426163765787569,-0.433182865594384
"165",1.94311471366884,-0.658609828545799,-0.673606338362035,0.0521111915906504,-0.570551173603917,-0.0924585647477416
"166",1.99294161295273,-0.586088327346618,-0.345352945764839,-0.431207294870279,-0.615846664106872,-0.0144463808641185
"167",2.04096040723694,-0.427932233319229,-0.417901142665103,-0.417972282219393,-0.392297190420613,-0.384857558612601
"168",2.02924477925318,-0.50606014495388,-0.481318122156044,-0.493383397576521,-0.290938568401633,-0.257544546165105
"169",2.02919731356639,-0.511630177454283,-0.492774414329223,-0.288342865669355,-0.476496339907517,-0.25995351620601
"170",2.0255625350862,-0.523730743726216,-0.40674194735794,-0.169143543831406,-0.468704597151213,-0.457241703019423
"171",2.04063833898577,-0.387440490131966,-0.377064306986684,-0.435139569223009,-0.404284818840142,-0.436709153803965
"172",2.04045669497617,-0.4431746552006,-0.418236293745426,-0.417728429764325,-0.402013217978137,-0.359304098287685
"173",1.89192003516539,0.145127353849372,-0.0671020413397688,-0.425908761373792,-0.667972186017301,-0.876064400283905
"174",2.04034555642461,-0.439495932351877,-0.40107966951859,-0.416690357363553,-0.428490798822139,-0.354588798368447
"175",2.03782807275254,-0.465473187157203,-0.405583326273836,-0.399764146799741,-0.461388444463767,-0.305618968057988
"176",1.66209659623728,-0.834053142062362,-0.71456481528651,-0.84449973900658,0.206118498570105,0.524902601548067
"177",2.03342083857897,-0.310230139027485,-0.326676141080363,-0.37634102140574,-0.499361432555589,-0.520812104509798
"178",2.03886645301759,-0.364237623946518,-0.342623835679782,-0.458876603565383,-0.411874952056464,-0.461253437769442
"179",1.9628065804286,-0.0547997147256001,-0.710814862915768,-0.0721797502704691,-0.585887200278535,-0.539125052238231
"180",1.63198513096045,0.203016252934439,0.289848190583924,-1.06939628967258,-0.0223566209267406,-1.03309666387949
"181",1.57221348268331,-0.919854624794053,-0.380624066526614,-0.147220438592211,-0.930505926609583,0.805991573839151
"182",2.04117693930952,-0.41526091726426,-0.399945657463357,-0.402280834666383,-0.42010470787338,-0.403584822042145
"183",1.9399333589041,-0.737355998659648,-0.598042602784747,-0.190939144751285,-0.533387240569381,0.119791627860965
"184",2.00092406948013,-0.649167931791861,-0.546376986615134,-0.464693918694748,-0.135828842465769,-0.204856389912622
"185",1.16823513522821,-1.06927797399327,-0.686134981467972,-0.894973531938074,0.494371265792514,0.987780086378596
"186",1.70327239636162,-0.915599254897717,-0.743274664548695,-0.66970884401367,0.133675494879287,0.491634872219173
"187",1.82656025233261,-0.756960124161571,-0.677718831166246,-0.748067272766753,0.113489072902253,0.242696902859709
"188",2.04101009736652,-0.382334891788882,-0.416988449320249,-0.402740972105283,-0.412291627682879,-0.42665415646923
"189",2.0397995081256,-0.369518246279967,-0.358573737441651,-0.429920100072112,-0.425188874807456,-0.456598549524418
"190",2.04069667407108,-0.424339001436501,-0.415368225954832,-0.438371383079677,-0.381076443644203,-0.381541619955865
"191",2.01713489933513,-0.192179467429384,-0.311794998676964,-0.429897745082632,-0.428767195666858,-0.654495492479288
"192",2.04053851931172,-0.419114296628969,-0.438405792563524,-0.426771096098963,-0.389471244751184,-0.366776089269083
"193",0.0532547279534242,1.32242698690681,0.658139210879438,-0.851593070225966,0.242900900924574,-1.42512875643828
"194",2.0410773167256,-0.422251881159015,-0.413937936729609,-0.418393720282142,-0.389886568036358,-0.396607210518473
"195",2.04081157659802,-0.418041990016986,-0.408722929061833,-0.437482535070072,-0.374908878425804,-0.401655244023324
"196",2.04004068431901,-0.445763030713367,-0.419699657542121,-0.371006496893926,-0.439681173814835,-0.363890325354761
"197",2.03996884710122,-0.436482924899286,-0.428603148693147,-0.444465525482711,-0.366760817395835,-0.363656430630239
"198",0.99824852237778,0.292413734734345,-0.464697771440964,-1.5776016755468,1.05800031458331,-0.30636312470767
"199",2.01651393127068,-0.450554853131133,-0.433470688848558,-0.100539487076738,-0.526162541412693,-0.505786360801559
"200",2.04118240108526,-0.399308155816567,-0.40968637031356,-0.403213408304301,-0.421701606534892,-0.407272860115937
"201",1.93423447039208,-0.753751384538478,-0.578851434488651,-0.592048961630837,-0.054585891277356,0.045003201543245
"202",2.03859822760235,-0.378521954666732,-0.357281092797985,-0.496530272342907,-0.374718066191749,-0.431546841602977
"203",1.77810176691772,0.0943341558254807,-0.276821059450435,-1.1363689940413,0.192299688459849,-0.651545557711312
"204",0.453037906154715,-0.896387575535997,-0.889622359729177,-0.861250127279564,0.937798791245714,1.25642336514431
"205",1.03009300243136,-1.14717277396129,-0.392635696631296,1.3522795930515,-0.798855229324871,-0.0437088955653936
"206",1.82052334987428,0.154224923667036,-0.166932691885262,-0.903846522559239,-3.0817528161298e-05,-0.903938241568651
"207",2.03557338845841,-0.501651067105666,-0.465935555534241,-0.371090931980514,-0.408242832054669,-0.288653001783318
"208",1.94159273985614,-0.657020861742241,-0.627085733535653,-0.629024694014481,-0.0821557199647747,0.0536942694010069
"209",2.04093739496765,-0.390461219886054,-0.388255165823813,-0.418770461142609,-0.409490096997726,-0.433960451117453
"210",2.02274870589086,-0.251298992913484,-0.245734006958355,-0.454582134483151,-0.487385846721084,-0.583747724814784
"211",2.0237817803267,-0.542045724495403,-0.435505974160628,-0.345944455455123,-0.517401204888491,-0.182884421327057
"212",2.00624181177956,-0.561752572331154,-0.423042954618327,-0.63761424934165,-0.180801792681995,-0.203030242806438
"213",2.03921879545784,-0.406357507875646,-0.335607793760678,-0.393446980893499,-0.469137751407077,-0.434668761520944
"214",0.281310069361695,-1.04454856234982,-0.872874322601297,-0.630546869890114,0.908151088530312,1.35850859694923
"215",1.98454388049815,-0.612111633634378,-0.587273027608991,-0.559651229659865,-0.153856913455292,-0.0716510761396247
"216",1.97391270441018,-0.657789381423512,-0.5281016991043,-0.400616945830436,-0.473483709816576,0.0860790317646439
"217",2.04108101134357,-0.394587718316671,-0.405039619336468,-0.42515043428861,-0.395835708256944,-0.420467531144873
"218",2.04000274391341,-0.426528188013174,-0.436022797949973,-0.404419048775184,-0.431249326679408,-0.341783382495668
"219",2.04061707454971,-0.424572893065935,-0.384171647831672,-0.37991192095391,-0.445734395225576,-0.406226217472616
"220",2.03904521814743,-0.461010219550933,-0.421787553670825,-0.395378114191594,-0.435545975370151,-0.325323355363928
"221",2.04106004303356,-0.3876795386395,-0.399162337218375,-0.421926178546732,-0.410178277520212,-0.422113711108738
"222",2.03994001258465,-0.382246489053528,-0.355718044648146,-0.456127896425474,-0.412547975550764,-0.433299606906736
"223",2.04124051616077,-0.408314679968249,-0.406523219863829,-0.40947868026537,-0.408481579346359,-0.408442356716965
"224",2.04008008968753,-0.42567947384506,-0.407187799195824,-0.343083157180782,-0.433118980607976,-0.43101067885789
"225",2.04094821657145,-0.422417285899493,-0.41715128725039,-0.410728384342529,-0.415528413335342,-0.375122845743697
"226",2.04122644658573,-0.412725040950084,-0.411357190835723,-0.40841589419793,-0.406972318094665,-0.401756002507323
"227",2.01426959937516,-0.236957401416185,-0.285787860059896,-0.629480436265263,-0.294843747390731,-0.567200154243087
"228",0.384475870654662,-0.439939859035227,-0.398482973786843,1.8548668339778,-0.897973643671193,-0.5029462281392
"229",2.04099872084275,-0.41881255482152,-0.42049445487924,-0.386585726899961,-0.422673703770678,-0.392432280471352
"230",2.04123744523464,-0.408555259788787,-0.404757735429074,-0.407679322088981,-0.410160495671776,-0.410084632256022
"231",1.96648634085521,-0.383421887602028,-0.217594962929894,-0.0165186380126496,-0.793774405758154,-0.55517644655248
"232",1.97691564857338,-0.0743172216625036,-0.288251197574035,-0.431329255561996,-0.349246705210789,-0.83377126856406
"233",1.983621800582,-0.360264768209338,-0.606807794107367,-0.720008863548093,-0.197551469540281,-0.0989889051769166
"234",2.04111925708576,-0.403087804685808,-0.390485627965835,-0.408570713278731,-0.420852857960236,-0.41812225319515
"235",2.04120712683886,-0.400565973588194,-0.402966805921496,-0.413413892494797,-0.408635641503167,-0.415624813331209
"236",1.81892885885405,-0.877772164141942,-0.837379183703241,-0.384271594783932,0.0121712578536446,0.268322825921423
"237",1.95164742965155,-0.659134699853451,-0.597231707367471,-0.627487051447337,-0.0779993352795201,0.0102053642962294
"238",2.04078356372059,-0.394574552797475,-0.400454684331891,-0.380396478467601,-0.429085134691682,-0.436272713431943
"239",2.04036673917207,-0.439321344226441,-0.423357187195333,-0.419542310995572,-0.404179393157135,-0.353966503597585
"240",0.104365607499826,0.951798145750926,1.03285511559662,-1.16381033349743,0.322869637239955,-1.2480781725899
"241",2.04123066831753,-0.403551021917847,-0.407042797433552,-0.408715346526397,-0.408279341711614,-0.413642160728121
"242",0.504349108961243,-0.262048960960553,-0.608055341137274,1.79613063205802,-0.885714586716197,-0.54466085220524
"243",0.358417874874883,-0.382393478361955,-0.00553366780128337,1.77614502778072,-1.02368715795133,-0.722948598541037
"244",1.21838350356422,-0.253846575035213,-0.628759425500236,1.30127291871708,-0.924560320092652,-0.712490101653199
"245",1.77522500839087,0.115803393539129,-0.895846957388135,0.352575797850983,-0.680567684114745,-0.667189558278099
"246",1.97364232426285,-0.418091845240708,-0.366218136426817,0.0667537910222473,-0.663307817088845,-0.592778316528723
"247",2.01854572162466,-0.520976088603521,-0.533267328770181,-0.520539882985823,-0.233255036682659,-0.210507384582476
"248",1.27237906833727,-1.18830270655749,-0.793651291645303,-0.278465004461684,-0.127852848085841,1.11589278241305
"249",1.91142336807545,-0.740602317720641,-0.613676733830455,-0.636500120457949,0.120575077953228,-0.0412192740196293
"250",2.03870488535019,-0.455804211621928,-0.416551017452532,-0.39677837145694,-0.451333007914657,-0.318238276904138
"251",1.96004796096445,-0.178303473165394,-0.314774580457319,-0.788655324672162,-0.0430962604565943,-0.635218322212982
"252",2.04123532022156,-0.409487126216923,-0.406464154238158,-0.404564039401147,-0.411549703016196,-0.409170297349131
"253",2.04111569149519,-0.399688523133198,-0.393485799331906,-0.422149614221159,-0.406246208632414,-0.419545546176515
"254",2.04036952004154,-0.383437160418874,-0.366749725823311,-0.434807859982934,-0.412326277569825,-0.443048496246595
"255",2.01785713929358,-0.610273974775833,-0.515754440683633,-0.259624081557894,-0.422332212048723,-0.209872430227499
"256",1.60946007696128,0.33018485777388,0.116282383403904,-1.09081927094165,0.0793584137232821,-1.0444664609207
"257",1.92409165976111,-0.659764540752548,-0.522297904205517,-0.503893804173625,-0.511192514580497,0.273057103951079
"258",2.04121595964426,-0.413071301874628,-0.406072298020022,-0.401950369279919,-0.415093661110583,-0.405028329359113
"259",2.03935333873572,-0.452573849723555,-0.429937253315435,-0.367868521196292,-0.443485931588323,-0.345487782912118
"260",2.04096700919805,-0.425731828191017,-0.417910903924252,-0.419779777766976,-0.383587262614185,-0.393957236701622
"261",1.61738024484163,-0.95860625057549,-0.719290390491017,-0.748300996504152,0.578663345285722,0.230154047443306
"262",2.03792996988394,-0.477034936269977,-0.439486401743441,-0.382508994845893,-0.427893561435696,-0.311006075588929
"263",2.03910467525997,-0.429928544337145,-0.441434541521113,-0.426410800277676,-0.424225060375194,-0.317105728748843
"264",2.01098103122749,-0.564726459597952,-0.549079717679474,-0.505444939968138,-0.236791912733413,-0.15493800124851
"265",2.04118296107734,-0.414621785320644,-0.414900972968517,-0.407032035367702,-0.410368754903032,-0.394259412517445
"266",2.04074450620646,-0.380384752549197,-0.434628486890035,-0.3849166851846,-0.428215746638194,-0.412598834944435
"267",2.02387364350145,-0.227979007692212,-0.370727359985837,-0.317188791883923,-0.561248085423819,-0.546730398515658
"268",1.53130976385257,-0.998537777689874,-0.527622364761793,-0.214601552481673,-0.70510070474618,0.91455263582695
"269",2.00905828406694,-0.572849509661679,-0.382791087563707,-0.280213316061599,-0.622777154204737,-0.150427216575222
"270",2.04119764024999,-0.399289515528748,-0.406106085500767,-0.415090663119303,-0.404269494404716,-0.416441881696453
"271",2.01392075628486,-0.364242726059621,-0.275607330019604,-0.192129612694549,-0.584456393406525,-0.597484694104561
"272",0.642317057092975,0.635590329334835,1.02962501236356,-1.21401956008955,0.178363366910609,-1.27187620561243
"273",2.00781079112191,-0.279941701424406,-0.133616936929787,-0.586378345972534,-0.402126748731887,-0.6057470580633
"274",-0.172400680925286,1.01376288939274,0.988660670912628,-1.12675129007654,0.499319243304774,-1.20259083260832
"275",-0.408401917321482,1.17539237772328,0.795622006243136,-1.06363892126735,0.634490376668496,-1.13346392204609
"276",0.0314111562501044,0.877967329589277,1.20739618695113,-1.11175269260442,0.214898417195088,-1.21992039738118
"277",1.93517089571631,-0.763593818819856,-0.658531978252643,-0.332734946068121,-0.326169162684619,0.145859010108927
"278",2.04040715830642,-0.435991409183293,-0.430349125932137,-0.419825377142766,-0.396568930746143,-0.357672315302077
"279",2.03551831980737,-0.423960870940592,-0.417374215765359,-0.264048205751414,-0.479629006419581,-0.450506020930422
"280",2.04121981445658,-0.404230466741644,-0.401501269476959,-0.411341510873852,-0.410413672423893,-0.41373289494023
"281",2.03127413318621,-0.539463274659311,-0.510278256128028,-0.349434998861098,-0.33397035077053,-0.298127252767245
"282",1.83589660062348,-0.739664572687493,-0.677729756284174,0.446626781714091,-0.589667594036832,-0.275461459329071
"283",2.02706643277602,-0.512776138732257,-0.492435256546094,-0.498724787531792,-0.263887177586482,-0.259243072379398
"284",1.69270521380162,-0.881202688430689,-0.818242972680242,-0.675338653842009,0.343392340824208,0.338686760327113
"285",2.03798200884775,-0.459521162227799,-0.444710570743553,-0.456186764226591,-0.333800725234055,-0.343762786415755
"286",2.04068975623037,-0.36744225004514,-0.412500235016912,-0.419828276316202,-0.403328994470936,-0.437590000381185
"287",2.04121096837982,-0.403677103269721,-0.400541872977602,-0.408944493799973,-0.413059877651932,-0.414987620680591
"288",2.01861158168269,-0.433040146204075,-0.186183361199349,-0.345097378806574,-0.645810072792378,-0.408480622680317
"289",0.261116236424584,-0.13940537885062,-0.0702340942374512,1.78227760484058,-1.07437420201124,-0.759380166165845
"290",2.04067470179108,-0.400462537744112,-0.365492182665979,-0.422894931133227,-0.420967787997043,-0.43085726225072
"291",2.04122884385954,-0.404852906165385,-0.403242918944381,-0.410498457902867,-0.410515595949896,-0.412118964897009
"292",1.53570697378572,-0.0225610086826524,0.255161540702021,-1.32673032658605,0.378493947101267,-0.820071126320306
"293",2.04123272458785,-0.412050072194669,-0.408723238776506,-0.410515421818681,-0.405829225236352,-0.404114766561641
"294",2.04040484223493,-0.427596891260026,-0.419331348553952,-0.444405957877217,-0.371362954577234,-0.377707689966502
"295",2.04062687277474,-0.371883613381254,-0.415264054268096,-0.434262621078894,-0.387717887890276,-0.431498696156218
"296",1.00156604240725,1.15426337377018,0.439338037849647,-0.809657616274275,-0.55962171036904,-1.22588812738376
"297",2.02606934488411,-0.334742157965739,-0.20621400861012,-0.439803834383079,-0.503902937808554,-0.541406406116617
"298",1.81781211457542,0.295193162352311,-0.217914814226268,-0.940006560380899,-0.144954907704777,-0.810128994615787
"299",1.46594582648065,0.418272855096364,0.167630590432618,0.220614026146621,-1.04340016627597,-1.22906313188029
"300",2.03587817645947,-0.316833704016425,-0.347259454081541,-0.418278358132598,-0.428363942157275,-0.525142718071632
"301",2.0412072217942,-0.40451170803093,-0.399614454784855,-0.414682137582188,-0.408007666410083,-0.41439125498614
"302",1.8084051382194,0.0937456582529674,-0.264655885969068,-1.0269964273307,0.147389692286088,-0.757888175458691
"303",2.04106608763022,-0.420068893220931,-0.410135098043052,-0.390598119005062,-0.424223925714942,-0.39604005164623
"304",2.04073512408038,-0.419152280050972,-0.415842647870599,-0.364105462369934,-0.42523954945014,-0.416395184338736
"305",2.0389057568646,-0.426261840966453,-0.42527399410226,-0.312696564684605,-0.437727264578328,-0.436946092532954
"306",2.03112129768036,-0.419263565008203,-0.437347405268271,-0.21385102283133,-0.4675590889847,-0.493100215587851
"307",2.0386999619779,-0.429322706091502,-0.428498570499621,-0.309124405727308,-0.44678112710082,-0.424973152558645
"308",2.041237554226,-0.40876722375804,-0.404981450807423,-0.407836393316236,-0.411052131037392,-0.40860035530691
"309",1.3010264302427,-0.000612839270542468,-0.732760407050346,1.14019495407042,-0.931302598278979,-0.776545539713254
"310",2.0372262944053,-0.417026691830154,-0.427875327917846,-0.285734661215492,-0.461162691565099,-0.445426921876705
"311",2.04117459818088,-0.40120815752094,-0.410834342058747,-0.397342376526743,-0.411688769819092,-0.420100952255358
"312",1.83777987737541,-0.511111960399187,-0.502413112868725,0.486437365248012,-0.736993064273235,-0.573699105082275
"313",1.72201374909022,-0.583412719967636,-0.463964617859537,0.703353561351322,-0.821094692817488,-0.556895279796878
"314",2.02217405215801,-0.225781452579846,-0.553049346869965,-0.295930929919503,-0.379894945626839,-0.567517377161853
"315",1.79840587790824,-0.277141924763705,-0.61474469662293,0.529198194490238,-0.705119392798881,-0.730598058212962
"316",2.04123228542829,-0.412242116639037,-0.408827894891457,-0.409944081548592,-0.406846471965021,-0.403371720384182
"317",2.00150006059946,-0.596940500749165,-0.504958322659737,-0.337144307729435,-0.516633918552889,-0.0458230109082312
"318",2.03935903293072,-0.388267207783968,-0.404837355077327,-0.352876334991357,-0.484012466250888,-0.409365668827178
"319",2.02828964614527,-0.412787714721844,-0.39202946754717,-0.204316095961394,-0.530499372853876,-0.488656995060986
"320",1.81161391206778,-0.850686762376011,-0.564931798483749,-0.346325057096476,-0.551173685807766,0.501503391696221
"321",1.97503281979379,-0.126553113761114,-0.2394977322053,-0.209748102500076,-0.661220799360118,-0.738013071967186
"322",1.55701577337763,0.45888935810812,0.073863885264849,0.0668867597971407,-0.956650739582289,-1.20000503696545
"323",2.03173008273421,-0.302261770484662,-0.282408749026206,-0.467531891318568,-0.453482352546586,-0.52604531935819
"324",2.04118281023714,-0.399778173127319,-0.407235091248343,-0.418150519669983,-0.400382413849878,-0.415636612341617
"325",2.03021461477397,-0.533584301669674,-0.496801884838461,-0.411449278034668,-0.340658799243906,-0.247720350987265
"326",2.04049389823699,-0.441549047002839,-0.411582282233169,-0.380849332204368,-0.432761710295014,-0.373751526501596
"327",2.04121293474228,-0.40628589585001,-0.400691660717837,-0.406283442128725,-0.416129959255373,-0.411821976790335
"328",1.99480619626382,-0.669867585547896,-0.529197187584362,-0.361213640451126,-0.400421614114812,-0.0341061685656257
"329",2.03600776578873,-0.3045103492687,-0.350093869334401,-0.436569156222945,-0.437549831424185,-0.507284559538497
"330",2.04116628555296,-0.420346846892234,-0.415048103483659,-0.404708168099823,-0.405221715397188,-0.395841451680051
"331",2.04030004462654,-0.391845483939872,-0.400398471789192,-0.457846689028029,-0.367948946153804,-0.422260453715639
"332",1.98509090053051,-0.240731450248008,-0.0482361473025732,-0.630801707319733,-0.402718667367388,-0.662602928292809
"333",2.0410503125224,-0.404084531875493,-0.383736753759338,-0.412103633586062,-0.420717974277902,-0.420407419023604
"334",1.94732815236319,-0.452427948457141,-0.570915059571606,-0.803127684073402,0.0512866972900178,-0.172144157551056
"335",1.62830335433475,-1.02346971682029,-0.805567828062425,-0.489680038299901,0.0501851188053084,0.640229110042566
"336",2.03295446360037,-0.401753645706582,-0.374962175047843,-0.257708480512316,-0.507885432065352,-0.490644730268275
"337",-0.0209225908402357,1.45535611549453,0.386218515306162,-0.0689063283092582,-0.103447623361426,-1.64829808828977
"338",2.03924934256417,-0.456347466280863,-0.441685675043429,-0.430144468383102,-0.367517206452299,-0.343554526404472
"339",1.90700192568002,0.113879716712797,-0.381529587320453,-0.831578900976934,-0.0980777832037894,-0.70969537089164
"340",2.03314256798522,-0.270981070876306,-0.348881756127218,-0.449071857347225,-0.433791814860931,-0.530416068773536
"341",2.04124085492555,-0.407017709742539,-0.408053755827056,-0.408472144340571,-0.40829928694993,-0.409397958065457
"342",2.03846372178467,-0.451383483378923,-0.448008172681372,-0.450378568019653,-0.354764562667742,-0.333928935036981
"343",2.03096184809272,-0.356950377548754,-0.251538175442094,-0.530824030218845,-0.394758063074212,-0.496891201808811
"344",2.04085294350704,-0.397163662445654,-0.375821019522972,-0.416303405024751,-0.420834093368716,-0.430730763144952
"345",2.04123851733881,-0.410042119356715,-0.40925402467479,-0.408864629005181,-0.407939761536728,-0.405137982765395
"346",2.0219465876558,-0.224001634995146,-0.338159050658845,-0.332310066814961,-0.539521593838636,-0.587954241348208
"347",2.04121781831119,-0.405678758666479,-0.40000253032343,-0.411158642907988,-0.411278100463048,-0.413099785950248
"348",2.04122317077514,-0.403241816403929,-0.404437936161699,-0.407756744826889,-0.411079160952666,-0.414707512429957
"349",2.04029967600256,-0.425924016963721,-0.430610890748149,-0.356814817675653,-0.436930253204277,-0.390019697410754
"350",2.04065508432098,-0.392568105348246,-0.372277524832889,-0.433259785761561,-0.407718651057778,-0.434831017320506
"351",2.0412299149449,-0.403846131666775,-0.405910899392989,-0.411073005074918,-0.407364278233291,-0.413035600576927
"352",2.04047882077445,-0.439068153459782,-0.431401110796152,-0.417833258616838,-0.38276634568683,-0.369409952214845
"353",2.0399298317201,-0.377956036687395,-0.386945505879986,-0.459427054489843,-0.372923790639344,-0.442677444023533
"354",1.99975645410705,-0.578305276509948,-0.561995532434039,-0.547217107177422,-0.191510922336557,-0.120727615649082
"355",2.04087964793032,-0.38418921265457,-0.404424627757189,-0.426706579693998,-0.392815802529583,-0.432743425294978
"356",1.98370699154236,-0.667338476554636,-0.401706695523557,-0.56382958868437,-0.373850270759241,0.0230180399794437
"357",2.00123200816819,-0.586131488683357,-0.550311529682881,-0.532943699842602,-0.235161045882,-0.0966842440773471
"358",1.13353436945194,-1.00806680889625,-1.13432522148345,0.162615688812557,-0.293712618779248,1.13995459089445
"359",1.03568472678512,-1.18995314080196,-0.91175572985533,-0.47698753044988,0.409490270697496,1.13352140362455
"360",2.04118197242755,-0.403498526241875,-0.397045343532673,-0.417079795561857,-0.407285186417805,-0.416273120673341
"361",0.962766833799844,0.871135197457734,0.02522868402788,-1.22748363265646,0.58065900677307,-1.21230608940207
"362",2.03501794090834,-0.481692384796069,-0.452369088909208,-0.471739361308856,-0.286845935751674,-0.342371170142533
"363",2.038180980271,-0.476018422599546,-0.443370327049887,-0.432859723925691,-0.339207022643131,-0.346725484052747
"364",1.90956291742047,-0.709218950591513,-0.590994450604358,-0.165683319115556,-0.655095544669805,0.21142934756076
"365",2.03982693902773,-0.447911107936437,-0.41981760275393,-0.40064626316155,-0.431269276000541,-0.340182689175271
"366",2.02844039281308,-0.509433200658914,-0.486320784130465,-0.492020741459597,-0.294368122612423,-0.246297543951685
"367",2.01269423250645,-0.55761969813846,-0.510696636305484,-0.544193329916959,-0.176737201836801,-0.223447366308742
"368",1.70458179759921,0.0290400571143706,0.482010799370672,-0.893315669600419,-0.353791309229948,-0.968525675253887
"369",2.04105274772351,-0.407661876924249,-0.403620069301909,-0.385544298953257,-0.423278265300317,-0.420948237243774
"370",0.587914522669486,-1.19420290164318,-0.880484221213189,-0.372758505599933,0.388883583446991,1.47064752233982
"371",2.02581836007017,-0.373854636013016,-0.49032250795538,-0.177357397421485,-0.489538349424921,-0.494745469255371
"372",2.03183066198698,-0.512347474984796,-0.487811104438352,-0.444469910153932,-0.318579632991968,-0.268622539417934
"373",2.03764773686147,-0.349299498450408,-0.377009736107411,-0.48364893865259,-0.353042162730569,-0.474647400920495
"374",1.4143821981599,-0.385288003856843,-0.636255105730157,1.12686301267909,-0.863985829700129,-0.65571627155186
"375",2.0406816736224,-0.438766244469554,-0.42700401648199,-0.404864121026098,-0.398600968553001,-0.371446323091756
"376",2.0405386266236,-0.378928152747943,-0.400903968718878,-0.442643273748114,-0.383101101905821,-0.434962129502845
"377",2.04113958277976,-0.419584692383523,-0.413306338004192,-0.39986431446636,-0.415186491287728,-0.393197746637962
"378",2.03786693761442,-0.479331380821534,-0.431217690499015,-0.381816693950632,-0.434883864599948,-0.310617307743287
"379",2.04122938639259,-0.411928183120803,-0.411582313977956,-0.409334631582002,-0.40376304368499,-0.404621214026835
"380",2.04123990013206,-0.408232700174671,-0.406025264829001,-0.40828612645027,-0.409695979159735,-0.408999829518385
"381",2.02888852843167,-0.264620863261809,-0.395889051739105,-0.544624656490599,-0.30951075016873,-0.514243206771425
"382",2.008794868168,-0.578995701059436,-0.542145676769467,-0.442797466295601,-0.364848487577517,-0.0800075364659828
"383",2.026483616892,-0.522550007213098,-0.477307286488163,-0.503896062850214,-0.292579630017477,-0.23015063032305
"384",2.04123645378187,-0.408056897074303,-0.404896202741691,-0.407194739779687,-0.411427831314216,-0.409660782871979
"385",2.04096355276563,-0.423788285026731,-0.42065739578799,-0.420042279623991,-0.384636982794541,-0.391838609532376
"386",2.04122604715306,-0.407608470306213,-0.403134609889475,-0.40515540627557,-0.412244720096405,-0.413082840585396
"387",2.03980904614044,-0.445781704398344,-0.432945960883205,-0.435432674196473,-0.370914030825709,-0.354734675836712
"388",2.03074070089446,-0.514769723739957,-0.478449575719262,-0.470559377290803,-0.288022200140012,-0.278939824004427
"389",1.67581022778302,0.388716693651334,-0.1064838211276,-0.932950383921654,0.0502220892706126,-1.07531480565571
"390",2.04023131777528,-0.406665802543259,-0.398053035359962,-0.465324663141271,-0.369106453850542,-0.401081362880241
"391",1.99637913805131,-0.617241475739844,-0.574722720682958,-0.477151980936589,-0.268399215070541,-0.0588637456213818
"392",1.94788283238409,-0.636436632986476,-0.551075912315086,-0.70385865689752,-0.0293583801913259,-0.0271532499936846
"393",2.04086627423119,-0.428517623811951,-0.420614123724063,-0.421445749532347,-0.389165321415646,-0.381123455747184
"394",2.04005559142526,-0.450130496001487,-0.435617015002047,-0.416134081778578,-0.378455471731153,-0.359718526911998
"395",2.04120997606957,-0.415388444667284,-0.413443475748208,-0.408221479689302,-0.40229063062712,-0.401865945337653
"396",2.02995317143125,-0.221813938885917,-0.408299002789759,-0.392864316131078,-0.471566127024934,-0.53540978659956
"397",2.04118540276212,-0.402596706950048,-0.398934472030543,-0.417809228683939,-0.405913477055847,-0.41593151804174
"398",2.03771460074939,-0.302479864287873,-0.394835726824639,-0.452769807293561,-0.417484128397278,-0.470145073946037
"399",2.04123835159521,-0.408727292298806,-0.406826076127858,-0.406528619743431,-0.411373139780284,-0.407783223644834
"400",2.04093445145444,-0.389283084445362,-0.428294924109426,-0.386991812262112,-0.425006630834368,-0.411357999803173
"401",2.04102756514803,-0.422197209582713,-0.415856673935963,-0.409309497353254,-0.413165155912323,-0.380499028363773
"402",2.0412410840475,-0.409063641646904,-0.408199471675764,-0.40875429835011,-0.407799962538815,-0.407423709835904
"403",2.03956087479591,-0.387515156086003,-0.341850883333281,-0.455718307168815,-0.412795770348092,-0.441680757859722
"404",2.03696567078746,-0.46429152163623,-0.456882253823457,-0.458723167843104,-0.33765149257048,-0.319417234914188
"405",1.97940817532919,-0.0615069082732165,-0.174349855662458,-0.549422510162599,-0.468757606576946,-0.725371294653975
"406",2.04119638791452,-0.414965899911544,-0.41062534002529,-0.414907064767257,-0.401003022585333,-0.399695060625091
"407",2.04026570208215,-0.438070700810087,-0.410365965936527,-0.399567300295185,-0.438061429943256,-0.354200305097092
"408",2.00694500635683,-0.600780856525466,-0.52226698092676,-0.254233602836533,-0.509252044963615,-0.120411521104457
"409",2.04110268844218,-0.412157763436267,-0.394583307199036,-0.395522966112968,-0.42517469041344,-0.413663961280464
"410",2.03743452965571,-0.395575934269045,-0.412361146577404,-0.299162333667191,-0.471440007999884,-0.458895107142184
"411",2.0367434493816,-0.483491461411977,-0.476629777094101,-0.398555266622439,-0.370675949378035,-0.307390994875052
"412",2.03182450345792,-0.423702367332874,-0.270567855765919,-0.334603360753845,-0.546441246209796,-0.456509673395484
"413",1.9741613396526,-0.108749296295727,-0.24800782896178,-0.701779499175388,-0.215249028429153,-0.700375686790554
"414",2.03922768473782,-0.45048372742578,-0.463135687849242,-0.372157098873268,-0.406516156711621,-0.346935013877908
"415",2.0412374576308,-0.408880457574107,-0.405115018209451,-0.411266749138214,-0.408217677344003,-0.407757555365023
"416",0.861667801456379,-0.416696737376346,-0.496812949531721,1.60430059453438,-0.946853067494923,-0.605605641587767
"417",1.89285302491841,-0.761868923793278,-0.633950640660642,-0.637928629382265,0.165028485605853,-0.0241333166880762
"418",2.03978590606155,-0.429996315734238,-0.437532700552121,-0.334262290393259,-0.425816711675855,-0.412177887706073
"419",2.03783313612905,-0.343887781578749,-0.387024450521983,-0.481615147089608,-0.354897222689048,-0.470408534249658
"420",2.03684971285711,-0.42736675933881,-0.433285722135801,-0.277869255605299,-0.458009438606315,-0.440318537170882
"421",1.99088212626028,-0.422683752328945,-0.524143781949311,0.0253504206105658,-0.607310757873327,-0.462094254719259
"422",2.03989338694457,-0.442851019980796,-0.397637428637894,-0.391562547046025,-0.453803690186966,-0.35403870109289
"423",1.93958684371021,0.0643548822287829,-0.324617020439465,-0.321404915499965,-0.451791546481765,-0.9061282435178
"424",2.04122679546933,-0.405206384038661,-0.405486836830902,-0.414214262179919,-0.405051920608513,-0.411267391811335
"425",1.98776413805484,-0.257131394067625,-0.408605565186255,-0.0473749084020571,-0.613819938313276,-0.66083233208563
"426",2.03391827931308,-0.505325472644866,-0.434962893827131,-0.467549571419941,-0.357978918322736,-0.268101423098408
"427",2.04112488319243,-0.422150382721385,-0.416053242409501,-0.410883590880098,-0.393694323987786,-0.398343343193658
"428",2.03748523494083,-0.337697565863083,-0.386236092149903,-0.480996592708775,-0.355022576153372,-0.477532408065693
"429",2.04120028746091,-0.401039813269205,-0.408622383880131,-0.401063090737222,-0.414893389396701,-0.41558161017765
"430",1.94175658047817,-0.0185089111082472,-0.23357665015234,-0.749752679844949,-0.177702067459763,-0.762216271912872
"431",2.03765496086235,-0.368456303081177,-0.323354089640475,-0.496034451000713,-0.409006132045226,-0.440803985094756
"432",2.03822091526838,-0.466250601659514,-0.423908637160277,-0.372643106629123,-0.455042338557042,-0.320376231262425
"433",2.04114276971039,-0.394801880387413,-0.39894635520182,-0.411399978039445,-0.415161458692056,-0.420833097389655
"434",2.04115428673039,-0.402156782350099,-0.394856452291413,-0.418538370843235,-0.407179030256597,-0.418423650989045
"435",2.04025199096944,-0.435132131807328,-0.428920089943484,-0.406103754440768,-0.421208775478585,-0.348887239299273
"436",2.03887867398698,-0.449790292388845,-0.444122075026414,-0.446214112231843,-0.358959405727841,-0.339792788612038
"437",2.03195613766496,-0.465764651528698,-0.460842866736156,-0.519561109411763,-0.305624550886802,-0.280162959101536
"438",2.03451711092706,-0.483902189570667,-0.456378779954001,-0.476541752404925,-0.294150518058097,-0.323543870939368
"439",2.01944223481175,-0.597892105404864,-0.49740607666078,-0.448724284048178,-0.273764177609609,-0.201655591088319
"440",2.02718570459691,-0.534034960998114,-0.399918378135776,-0.483688302957338,-0.418049817806992,-0.191494244698688
"441",2.04101454315519,-0.388935005969246,-0.394104946650638,-0.412441105113354,-0.415717483382158,-0.429816002039798
"442",2.02385863674109,-0.258629180882403,-0.243846097984791,-0.477285121135339,-0.473189140142032,-0.570909096596524
"443",2.04096890063838,-0.423377269276643,-0.402299099251254,-0.431399844355817,-0.39064816041454,-0.393244527340126
"444",2.04121218880663,-0.408731542021459,-0.403406154028258,-0.401710852677324,-0.416673148718343,-0.410690491361245
"445",2.02856731880711,-0.533683812971326,-0.456406757547518,-0.398306493808951,-0.438896010862831,-0.201274243616486
"446",2.0411718041833,-0.408477715504729,-0.39971188820322,-0.40014831901169,-0.422299708249521,-0.410534173214144
"447",1.98800048168793,-0.729549880742376,-0.587212474928732,-0.280861630914002,-0.283823471704624,-0.106553023398192
"448",2.04109227281769,-0.414885889456003,-0.407369290635749,-0.38528034911184,-0.419320398273417,-0.414236345340686
"449",1.89280454204561,-0.830965245307969,-0.6349866847966,-0.494003055128385,-0.163003041887446,0.230153485074794
"450",2.04122088113173,-0.41358812895207,-0.409164343559958,-0.40879076835028,-0.409731729102783,-0.399945911166638
"451",2.04109954603495,-0.406214430107139,-0.388038584999973,-0.408674348958163,-0.423959985196668,-0.41421219677301
"452",1.67559762781664,0.296618558340923,-0.217582987395423,-1.00940515492751,0.244016531431307,-0.989244575265934
"453",2.04123087333278,-0.406885388964173,-0.403121112175484,-0.408432272823114,-0.412779892647111,-0.410012206722893
"454",2.03460704795961,-0.351393445983363,-0.385069984957306,-0.299174620822111,-0.507938247938147,-0.491030748258681
"455",2.03103130866665,-0.492591904286221,-0.446365017669355,-0.399139128834009,-0.47614343639238,-0.216791821484681
"456",1.91530247121907,0.0241809841611422,-0.162424441904774,-0.790233012066266,-0.182552073173381,-0.804273928235791
"457",2.0388625215072,-0.339860225823067,-0.389198023302019,-0.383758101078357,-0.460960548603964,-0.465085622699795
"458",2.03397215958019,-0.286374276996747,-0.341395061090355,-0.426596140645422,-0.453764833267438,-0.525841847580232
"459",2.04122895700849,-0.406830035468121,-0.403053243919071,-0.407014403827143,-0.412181081128202,-0.412150192665953
"460",2.02176329046194,-0.294836005382019,-0.278068312905818,-0.306009973732487,-0.543775629575637,-0.599073368865983
"461",2.03848965776551,-0.392326419689471,-0.342379684948465,-0.423655963289014,-0.497593719755862,-0.382533870082702
"462",2.03880131724728,-0.457375070095787,-0.433816038578932,-0.38678996472556,-0.439021896257748,-0.32179834758925
"463",2.04123531878424,-0.405708185244102,-0.407079778774026,-0.411370194912799,-0.406057083660811,-0.411020076192506
"464",2.0411601034334,-0.419189474987363,-0.416320082704389,-0.409582348974623,-0.399302444762304,-0.396765752004719
"465",2.00558240032705,-0.584652579185414,-0.528953790404845,-0.357414159436642,-0.473927259446095,-0.0606346118540528
"466",2.03680488050994,-0.473978472503166,-0.426979737103564,-0.382396500957335,-0.461542321420714,-0.291907848525162
"467",2.04122605219882,-0.401120733313193,-0.409739633582646,-0.407959598408068,-0.409641955926116,-0.412764130968795
"468",2.0411531553139,-0.417289267913394,-0.410191597890459,-0.411779944730346,-0.41162154747084,-0.390270797308855
"469",2.04063355029596,-0.425598260526074,-0.422174365551947,-0.435367515293935,-0.380567893579929,-0.37692551534408
"470",2.04123592891589,-0.410459570598914,-0.409550564918384,-0.410337005195074,-0.40588424188485,-0.405004546318663
"471",2.03994967899713,-0.428905082396201,-0.4082408155172,-0.360037916916509,-0.461574482686517,-0.381191381480702
"472",2.03724086351788,-0.316844929837684,-0.397409679601634,-0.465121516313739,-0.369684913578922,-0.488179824185896
"473",2.03685913776922,-0.362798039374704,-0.309471740709761,-0.472259905185365,-0.409734427943539,-0.48259502455585
"474",2.01441601909193,-0.195724793934824,-0.388970189364639,-0.59616712512276,-0.259136864023802,-0.574417046645905
"475",2.02806599622636,-0.235939834864096,-0.347295757889422,-0.407882526331993,-0.460734175034886,-0.576213702105963
"476",2.04124056477847,-0.409367234845633,-0.407477572960944,-0.407921734317433,-0.409331339483701,-0.407142683170763
"477",2.03872377768895,-0.460746356729974,-0.443058944844844,-0.437852759695077,-0.361791417006447,-0.335274299412604
"478",2.03960430426334,-0.370959342598268,-0.352943242096247,-0.435260153298635,-0.420290414719014,-0.460151151551177
"479",2.04093682133834,-0.384063235958095,-0.425647866430063,-0.390574250020424,-0.420838086102533,-0.419813382827221
"480",2.02731641639938,-0.330849961197522,-0.339254138248352,-0.572260332016123,-0.270254096462305,-0.514697888475073
"481",2.04091824400936,-0.424777128680475,-0.422113410926782,-0.420657914418851,-0.390800933310291,-0.382568856672962
"482",2.04122978343423,-0.411431070973792,-0.409861107020723,-0.411376868172376,-0.403023901818669,-0.405536835448664
"483",2.04124085840562,-0.407616428156081,-0.40880978176927,-0.409256838810086,-0.407171767013377,-0.408386042656811
"484",2.02832928662756,-0.419828984399645,-0.430180849034089,-0.190180558788682,-0.503828641122009,-0.484310253283137
"485",2.02954178191286,-0.247734577927893,-0.323716872970452,-0.436591710733483,-0.475727295464993,-0.545771324816041
"486",1.94568422487227,-0.146252451009431,-0.102587955992463,-0.763970748650483,-0.180410799307344,-0.752462269912545
"487",2.04123071091415,-0.411711850916591,-0.410989207650429,-0.409619484561268,-0.405563218518646,-0.403346949267217
"488",2.0412296928197,-0.40881918814157,-0.409963905439403,-0.402013592312692,-0.412181314436204,-0.408251692489832
"489",2.04112747635457,-0.403535877388987,-0.392714910488799,-0.422819837654609,-0.4052374020129,-0.416819448809275
"490",2.00938540983341,-0.612039192149822,-0.529782040123197,-0.4062922924632,-0.364146221326196,-0.0971256637709971
"491",2.04107729676013,-0.420545642208326,-0.410661521993018,-0.399480476730219,-0.421802016098431,-0.388587639730133
"492",2.03742332964518,-0.479081163391426,-0.446933980362551,-0.399796065521074,-0.413271845498491,-0.298340274871641
"493",2.04040208157007,-0.375385787054514,-0.383717788272251,-0.436738960581397,-0.397539293941276,-0.447020251720635
"494",2.04109375892419,-0.421744351864715,-0.412537753183262,-0.407656434020369,-0.413220744461573,-0.385934475394272
"495",1.98029225146094,-0.655607613603938,-0.510938974485008,-0.432833101176214,-0.443113100368041,0.0622005381722601
"496",2.03339761419693,-0.480494762689137,-0.477173279120048,-0.475529459137513,-0.315531077653164,-0.284669035597072
"497",2.04115935463152,-0.418014760816594,-0.405258577559973,-0.402819753099396,-0.419095438862855,-0.395970824292703
"498",2.03981609314014,-0.362223578768098,-0.388819780723034,-0.45415515335974,-0.384041634553331,-0.450575945735933
"499",2.02472086059979,-0.315157518785205,-0.219367378936775,-0.534033563918419,-0.404787222645624,-0.551375176313769
"500",2.0396990394107,-0.416341421136293,-0.373096564134104,-0.367398917229111,-0.47594094188165,-0.406921195029546
"501",2.03990890620743,-0.435039228181921,-0.437729352057251,-0.340854319937604,-0.426363997017956,-0.399922009012702
"502",2.04116360118904,-0.412675188542962,-0.404534022982794,-0.403493729937896,-0.422830508703939,-0.397630151021451
"503",1.83961771564867,-0.78858210406289,-0.672436145302605,-0.682404244550363,0.2742754484329,0.0295293298342853
"504",1.67206005411642,0.460629839990948,0.119981191359917,-0.337330938425221,-0.836048245291971,-1.07929190175009
"505",2.04114365298894,-0.395948652092011,-0.407915893758264,-0.419413615888378,-0.398880026906625,-0.418985464343665
"506",2.03827650947036,-0.3377524221348,-0.357417598109185,-0.411011562691377,-0.454345921849043,-0.47774900468595
"507",2.0412312672703,-0.402575246817827,-0.408416232755886,-0.410340002598915,-0.408011019855618,-0.411888765242058
"508",2.04095881645243,-0.381224562059279,-0.399304443596581,-0.415417682961298,-0.414880293775048,-0.430131834060227
"509",2.04111775834588,-0.390570865080367,-0.401761891048229,-0.414127227471974,-0.412233899061181,-0.422423875684131
"510",2.04069171503195,-0.391799317313818,-0.376153969785086,-0.403947311609441,-0.436181294620609,-0.432609821702997
"511",2.04114582206252,-0.396776785973877,-0.39804360971174,-0.408319924026547,-0.418157584089881,-0.41984791826048
"512",2.04077562826907,-0.389556745135644,-0.381685174245959,-0.403938040261308,-0.43400903222994,-0.431586636396223
"513",1.75930216467537,0.152005077817715,0.0658633166273017,-0.0408822937163307,-0.944323050665384,-0.991965214738675
"514",1.78943702138995,-0.486136741219202,-0.599944647742935,0.583595888354684,-0.77182365798559,-0.515127862796904
"515",2.00627933314691,-0.56748516813212,-0.553981738549867,-0.529931712277813,-0.209923232291595,-0.144957481895512
"516",2.03363968304226,-0.491524571823016,-0.445374804298777,-0.407942357275776,-0.446173834116634,-0.242624115528053
"517",2.04042241312713,-0.43349137377841,-0.428863255515562,-0.430849939588636,-0.378024186244272,-0.369193658000246
"518",2.03525862743334,-0.297733977027873,-0.37871893253429,-0.403548240639649,-0.420448488114899,-0.534808989116629
"519",2.04122941432619,-0.410884167593224,-0.408440767607059,-0.408888079585304,-0.411279136754379,-0.401737262786221
"520",2.04114149487381,-0.416353910016985,-0.414162138936414,-0.418169578380484,-0.397120936386024,-0.395334931153905
"521",2.04123931337045,-0.406052713325375,-0.407431360399554,-0.408366892814857,-0.409063496486839,-0.41032485034383
"522",2.03878667916789,-0.443167718087088,-0.411164462924194,-0.314960389805095,-0.453253614446852,-0.416240493904663
"523",2.03947748900818,-0.40632079210566,-0.391708788669652,-0.339682411944613,-0.447378145602711,-0.454387350685547
"524",2.04110620718283,-0.413429827034162,-0.396131071269126,-0.395021297792584,-0.425790857419768,-0.41073315366719
"525",2.03951361488859,-0.367903852041598,-0.351729909341816,-0.421830603558584,-0.440969954029442,-0.457079295917147
"526",2.04104050371069,-0.39283171198572,-0.4015848187827,-0.425308499438716,-0.396521464416613,-0.424794009086937
"527",2.04121447459315,-0.404680855173766,-0.400790916616944,-0.413661687662663,-0.407964328278406,-0.414116686861367
"528",2.04123904219557,-0.409499878752087,-0.407506505419929,-0.405567767778627,-0.409610328335424,-0.409054561909505
"529",2.04113645913143,-0.395012163193083,-0.399525106719671,-0.40724516448775,-0.419035989786202,-0.420318034944728
"530",2.04084724440534,-0.43459976445529,-0.425690695087492,-0.395869912851693,-0.40403254204806,-0.380654329962807
"531",1.89735031639377,-0.720191444957836,-0.692053385244134,-0.618323111663127,-0.00839529774254157,0.141612923213867
"532",2.03925409378422,-0.446091394420244,-0.443276173295376,-0.441340400111696,-0.362970416658652,-0.345575709298255
"533",2.02969179273563,-0.285862205955658,-0.354303119295318,-0.531642945594678,-0.322929886139248,-0.534953635750724
"534",2.04121487658238,-0.411552202428736,-0.411473772122319,-0.409675928714057,-0.410378846146271,-0.398134127170995
"535",2.04123116446747,-0.405096990574225,-0.403829959565897,-0.41043744745537,-0.410001805869144,-0.41186496100283
"536",2.01958069358659,-0.300403279269856,-0.345329166571555,-0.223226396458133,-0.573877013877363,-0.576744837409685
"537",2.04121283390897,-0.407799464341365,-0.399577681104264,-0.407445184172489,-0.410435774371907,-0.415954729918941
"538",2.04121861010494,-0.403641984932634,-0.41574892646659,-0.403300882048084,-0.411249314692926,-0.407277501964707
"539",2.04123845822781,-0.405291127574277,-0.407512191553031,-0.410222800679819,-0.409179406614824,-0.409032931805862
"540",2.03786563972418,-0.312043949239021,-0.40068272604557,-0.409065937942147,-0.424452851290838,-0.4916201752066
"541",2.0412383383637,-0.407915625467405,-0.406232910673151,-0.406930606353713,-0.408930879570114,-0.411228316299316
"542",2.03556386457951,-0.475085833759139,-0.448533473363062,-0.477677144918557,-0.328707317860341,-0.305560094678415
"543",2.04120158410775,-0.402020991826571,-0.399842623953648,-0.412839897505761,-0.410530604978816,-0.415967465842955
"544",2.04119896924646,-0.415496612041868,-0.414231812853925,-0.4092983274046,-0.403922030931673,-0.398250186014394
"545",2.04106645150154,-0.395051258524473,-0.40674882135872,-0.423817023097414,-0.392926854358951,-0.422522494161982
"546",2.04122717702616,-0.406536570718992,-0.401738635173867,-0.409900398121088,-0.411981389250309,-0.411070183761906
"547",2.04123693982947,-0.409697090235808,-0.410488874760484,-0.405334935852756,-0.40961800217341,-0.406098036807012
