"","GeneSymbol","Mix1","Mix2","Mix3","Mix4","Mix5","B.cells.naive","B.cells.memory","Plasma.cells","T.cells.CD8","T.cells.CD4.naive","T.cells.CD4.memory.resting","T.cells.CD4.memory.activated","T.cells.follicular.helper","T.cells.regulatory..Tregs.","T.cells.gamma.delta","NK.cells.resting","NK.cells.activated","Monocytes","Macrophages.M0","Macrophages.M1","Macrophages.M2","Dendritic.cells.resting","Dendritic.cells.activated","Mast.cells.resting","Mast.cells.activated","Eosinophils","Neutrophils","X"
"1","ACP5",1045.560791,1250.323739,1919.91837,1148.432534,3095.048627,605.8973843,1935.201479,1120.104684,306.3125193,744.6565995,557.8198203,248.5469318,711.9497439,958.9160181,493.96912,340.8201368,239.2770679,512.9313823,13644.1723,1062.475909,7633.960182,13825.05363,3989.865169,263.4979304,323.3812772,860.5633739,307.1427978,16445062.51
"2","ADAMDEC1",351.7709226,507.6668018,1011.75353,446.630648,1824.456385,371.0335929,318.478799,127.9674477,44.61628687,80.9645004,47.43351387,30.55297649,68.73789331,156.7076551,231.8272543,68.27758592,48.39924584,106.301336,4464.262133,8524.022801,5004.969419,164.8412494,1784.613941,730.1921708,1569.761722,175.1699108,185.5059228,4639552.337
"3","AIF1",437.1365868,822.083209,1778.205196,1577.991266,3444.281038,24.0742984,20.32185897,21.96957308,742.8158187,718.6147868,35.1722477,39.50876033,19.07768435,29.36703511,1086.959659,105.7345527,23.17042572,8655.680002,1841.269508,1611.228571,11610.29035,3285.640815,26.9238589,1851.124125,1672.630327,51.17646344,6260.640469,9639551.6
"4","APOBEC3G",1739.537757,1557.442405,3618.807544,939.5533036,1039.109981,1283.451966,1135.293933,2034.562362,2090.85254,336.6456997,2340.674986,1540.772502,386.0535874,979.7203756,5415.054458,6314.770723,8895.302228,865.7405246,278.7681406,1036.993881,258.3004281,203.4477818,1393.358139,627.1314036,327.1943796,306.3062145,464.4412542,5056324.949
"5","APOL3",884.0795293,1161.822176,1390.973673,394.9373033,1323.166073,222.6275107,530.3981335,754.8680347,1209.122376,950.7902718,1615.032254,1119.486881,351.1290483,993.4624966,1173.270474,1172.693097,1002.837652,1000.826958,238.5980956,11009.29392,437.5272083,219.6004846,861.4587391,264.675663,98.21606371,107.8051428,106.4245095,5044062.322
"6","AQP9",137.7601396,358.8970485,881.803115,2622.415449,3763.160679,21.34280658,15.11459289,15.66433549,13.67548268,14.1921014,14.8941249,13.11596785,18.66670647,64.26406026,188.8727485,93.46925864,12.57775597,2044.034835,4583.500675,4309.341662,399.4746192,1132.650087,1454.899429,576.553304,1876.266127,128.8196425,13705.68672,9345232.502
"7","BANK1",2869.121643,1579.737722,38.59314444,2546.997381,173.3878292,7633.960182,9177.359918,108.7748971,27.08870144,39.56449682,35.51276327,4.929861418,18.99250539,33.46526866,55.75942073,33.00482498,37.1948578,86.58724759,7.014183016,16.02027146,29.19263501,49.22937803,19.41137259,79.8154876,92.53939613,993.0314299,39.18510516,6084881.543
"8","BCL2A1",536.6568716,982.4683692,1436.843816,3722.277034,5164.021313,112.6417383,314.019133,76.39326014,575.0352025,452.9144897,755.8584033,1206.5058,698.6513948,171.062582,431.9749142,539.9592883,526.5774707,2261.391134,5560.455558,7038.536622,195.959802,135.5924775,5551.253657,869.1471248,3291.227822,13257.93204,8790.33201,12297397.37
"9","BIRC3",1067.363243,1211.281268,864.1732623,1251.031181,1288.861885,1762.323129,1072.239215,363.8164437,370.9307246,677.9807091,1121.424012,2888.707681,402.5623243,2449.370773,238.9246256,283.6871924,1173.96483,159.952492,230.7650134,1971.112539,237.5017836,442.7298273,10553.57544,71.25617244,1951.560424,1582.230325,132.8542597,4900164.674
"10","C3AR1",285.5756566,761.1002142,950.7378799,2058.587192,2907.443338,131.0995558,97.68302989,235.8730787,218.067024,100.57262,198.3433582,109.0856459,110.3968405,521.2960334,667.738611,753.7180287,473.1714371,1337.368233,799.6447121,4247.947251,2754.457112,879.0878468,259.2776033,4587.545998,4865.330497,9437.290602,746.04456,5421108.606
"11","C5AR1",184.8956726,397.7411839,1073.428439,2667.495421,3673.442368,92.39233333,64.88366132,25.374709,71.29814039,39.1758312,24.57422621,23.7998802,27.36083709,42.31424562,422.4027943,335.1748215,170.9594157,4237.561451,4989.998907,262.8037637,1920.668117,1195.953955,889.9578222,536.888673,756.9007984,2647.728393,12587.17469,8132008.071
"12","CCL18",199.5844181,161.7359153,741.4999988,339.1686473,1922.812838,19.93877192,21.68816978,56.60919591,35.31761702,24.35123147,12.82579482,81.202364,31.27670734,20.56828687,109.4946381,39.1384328,79.51319871,40.68134871,2820.01871,1252.527933,12334.37123,1697.959294,1749.786143,423.1104795,930.7824996,47.81945962,49.52876721,6996707.632
"13","CCL19",430.5917682,1412.785208,1748.353522,196.9080838,3179.596326,78.52160611,139.7443318,258.1016824,77.62297831,36.87140683,60.92923205,89.77834495,48.98562369,34.99339888,21.17848138,109.9231796,146.4600699,115.5525527,114.3667988,32553.88074,137.0742038,170.8471166,3048.871233,38.04867174,19.15243809,152.8012995,117.2636391,47864311.51
"14","CCL22",91.89634803,263.3010587,692.7487906,1069.981592,2178.511981,46.07125476,31.32507211,19.84751256,24.03529684,39.42959137,27.87853733,28.17031886,24.33306321,560.1844434,23.02227816,26.9167755,76.9655571,33.117333,2604.46642,464.9729614,880.2022045,4123.086134,30950.32751,24.52312784,113.920916,94.52151623,59.92678374,43300660.19
"15","CCL4",2974.398205,3372.934154,11504.36736,5034.534056,7392.630077,1661.464071,817.4816647,307.8066133,2564.294556,270.8722361,442.4757485,11191.41447,356.4726389,481.2791164,8310.145807,11202.80591,38944.01868,3000.888772,1968.542066,11885.1113,3139.008389,2072.163482,4282.933369,1133.500818,35339.68536,6568.915331,2680.048326,110966556.4
"16","CCL5",2976.357645,2320.506676,8257.169142,1106.873895,3533.12846,19.56849893,88.23956549,30.32542187,11434.94887,189.4932768,3143.971755,1850.010235,69.75841522,171.0009164,19080.91475,17238.65692,11744.53738,102.8425968,100.2336827,16862.16904,250.750217,59.29347738,6507.212063,46.19150568,660.0913807,300.4379114,133.3630669,42941475.44
"17","CCR7",3297.292647,4029.248206,2136.519147,2132.000875,2769.159732,3811.326733,1939.045683,202.9261759,5074.201816,8788.597127,2693.556404,2885.120974,1858.531026,6339.949771,490.8051753,672.4665585,482.4429323,165.2353496,328.1949289,17366.91051,123.7463123,290.530233,14223.15516,66.65895255,81.24584846,647.9636327,376.1557339,22397430.37
"18","CD1A",535.6130974,1072.320301,515.411225,839.988698,1470.873735,1294.174017,818.7834717,504.0040168,208.3949257,135.3722907,191.4053509,139.7165139,156.4816454,511.8243369,265.2998497,152.5357864,145.9248694,312.0225877,224.9858071,160.945247,156.9391502,14772.22773,1315.229715,110.8168315,174.7119173,260.6061886,419.7944138,9556177.829
"19","CD1B",386.3737146,1018.732928,475.0169479,792.3539707,1555.700574,1351.157456,338.3307439,343.6898904,55.67758898,22.28653167,192.5532686,45.50400457,21.53089091,52.94106332,252.4165956,152.9052072,109.5758377,198.2817057,165.9539997,76.0826143,132.2193618,15969.53236,2349.595156,124.0396525,158.8890881,118.1030265,356.8836932,11420473.29
"20","CD1C",749.6475138,707.1507806,294.9850223,861.7915354,910.5817174,1349.225244,2899.133023,31.29737364,44.14189025,77.23468675,204.5100438,33.58018677,40.92391452,16.8510481,50.88172305,36.32319474,30.67802465,526.834127,29.85115497,22.85969301,167.5032595,9523.260691,1002.723527,32.85124884,34.92829111,24.63751709,258.2129965,4289321.52
"21","CD2",4491.010824,3948.573535,4390.837772,1367.761758,1254.388781,419.4350192,409.5822139,377.8722518,8182.951228,8002.722844,9578.936337,7866.426688,14057.43026,11226.69889,5897.393241,6247.906848,3097.47128,222.357789,149.914948,112.6050172,188.1947985,187.6124847,146.9688776,332.6238386,138.5888054,614.9120433,576.8272959,19828961.65
"22","CD247",3328.45929,3694.14186,7598.359202,771.4485043,1608.870819,23.66779296,53.69027623,65.55259868,5508.526368,7038.536622,5318.708728,2156.371127,5302.661793,9743.994501,9129.432322,16099.47966,15108.26954,35.27406041,23.92868112,26.9337182,81.83870096,43.67897681,32.48553108,128.4661867,105.4058403,459.1326292,59.83784952,25743721.45
"23","CD27",3602.59341,2900.820219,1404.246745,1787.074063,553.7361201,388.8197482,4138.587476,7350.586942,5506.313911,4042.377012,4188.175594,1125.960048,5710.976341,6979.725316,2288.252945,196.4705551,127.3316351,136.4091916,90.85495783,137.4401366,136.436149,125.1576644,111.9872056,123.9116687,89.47064836,468.4975465,300.1045211,6512829.201
"24","CD37",6075.778917,4357.798294,2258.01783,5129.068446,1841.773543,13247.62405,11610.29035,802.2248179,4472.430176,2997.964479,4287.536344,865.4159386,3602.317619,4831.809557,1823.236151,2090.502205,1604.568691,4508.112105,1453.500603,340.0169777,2337.797784,408.0617171,99.31070429,783.7092702,1104.720671,1908.23192,3204.567177,11287266.71
"25","CD38",2058.771164,3070.425498,1370.698309,1494.295122,1692.033666,588.2648306,659.9477137,12117.94539,318.883456,296.2994306,205.305051,492.6276527,1145.360549,696.5074435,224.0112245,1418.265485,867.2194289,237.7018615,90.8542014,12009.36242,642.6104871,65.77761797,3371.628895,814.6736615,1366.953817,298.7045221,400.4888321,11656598.5
"26","CD3D",6123.141026,4679.324756,4022.950813,1827.359204,1250.928966,103.2248459,174.4025802,88.37677893,14396.85632,14916.803,12009.36242,7456.754789,18921.47848,12721.06851,11894.34724,250.8695535,243.8532814,79.18206065,74.30949816,26.01377304,12.22050099,106.1967153,132.5505719,40.77673955,13.20972496,795.027696,250.9974436,42101582.09
"27","CD4",1307.604965,1513.315737,1662.78028,508.8447111,1844.074235,138.4573773,118.3512664,351.0163026,164.9509326,2495.269425,3710.379943,1725.414846,4363.016183,5524.681644,399.5375472,81.07568775,75.96955929,3343.906153,552.3052303,1574.336844,10105.34674,1340.751384,701.0986434,213.8663803,287.7837723,163.6390935,364.5571609,6029147.987
"28","CD40",829.716493,1144.937743,1014.636614,797.6893247,1822.036307,1493.347557,1328.267122,838.3890443,203.0571538,119.8051169,168.9573287,169.3131278,129.5124355,338.6601465,269.4014427,164.1619074,204.8063535,298.5733076,1146.591678,12966.60573,643.639203,1598.408075,4943.303284,111.7010328,416.0597275,204.0560124,275.5927662,7933804.564
"29","CD69",4169.868928,2894.707397,2343.121654,3474.360732,1544.596561,8246.962733,5037.059721,131.1507128,3798.407191,4397.041606,5489.202469,1071.887678,6081.160743,539.3938343,4572.324665,1781.265844,5471.704926,66.10288756,31.65121441,59.02137051,28.81247015,39.31238934,69.45698718,440.3983738,1484.634024,6363.149838,436.4221698,7244145.237
"30","CD79A",4393.288488,3267.003814,213.5131726,3718.601542,212.9665358,12117.94539,9835.923,3860.541888,425.4456431,183.3771612,161.6033691,97.84605147,437.0541054,424.1217962,196.7666923,149.4947867,139.2030869,174.974517,124.5658582,108.8170218,63.57950923,138.9136781,189.639752,61.91581828,118.775806,511.4149111,261.960019,10444715.03
"31","CD8A",1382.794537,252.7608113,656.3364216,898.0764307,304.9436662,564.4780916,348.1087905,44.21285974,9990.737125,41.07506248,147.1712529,161.1817391,172.4731305,80.70305906,1127.953469,959.5951565,1190.400365,203.576442,135.9847653,45.89341104,63.47614462,176.6671569,163.4447696,87.086495,102.8346227,176.3456177,623.2298556,4379930.8
"32","CHI3L1",162.8406805,188.1950465,953.4865745,777.8945363,1771.924174,9.040054131,10.11185342,10.0823446,13.16060514,12.37533181,7.285693652,12.94364358,9.949791059,19.88900634,16.32499594,344.721706,59.67623931,12.16796964,8959.873277,3395.663462,2050.816822,89.88071419,473.9150298,477.0548529,636.7916524,89.33007873,3791.328311,4394335.214
"33","CLC",186.9276847,789.3263113,286.3565868,4586.063481,5126.618648,317.0133169,263.8099578,158.2726851,91.38509289,21.54663623,110.2519917,184.5831263,91.98053835,38.52410842,337.9147534,509.9159527,237.9275689,86.56595204,69.27115976,226.7134742,172.4089256,98.81299309,102.2341069,3917.54615,3098.629915,26617.23891,4605.247829,32270973.9
"34","CPA3",394.1205809,926.1532376,750.9258866,3988.233574,3070.625912,786.5967435,653.570348,431.8870773,147.6958112,25.20265438,243.2991012,226.7134742,148.1833551,145.5265348,271.5067499,458.1363071,308.1273629,135.1465191,139.386735,247.6828366,206.9088618,132.4987072,149.4195584,28290.30984,22328.97153,1091.417527,522.5988941,54962149.76
"35","CST7",1624.936464,1292.241405,5420.807862,1327.737823,2287.371585,29.71165699,21.33475082,14.02145998,5181.597893,197.8545424,1470.064999,746.2695012,322.0620463,1323.231227,12102.63842,11514.68497,10179.78364,63.6732263,254.880064,186.8061087,292.5617552,1490.444911,4059.440795,2285.360966,2487.597945,616.2101884,2347.728878,14366061.52
"36","CTSW",1143.566314,663.2163203,3577.425157,372.8736092,634.9995688,16.65790643,14.10507421,16.31812595,4894.215252,487.0683652,963.2767736,23.08754551,14.6382422,12.83317361,4144.004572,6980.778276,10811.41236,16.93731154,15.94992913,13.08202394,26.76355546,16.23954329,15.8711173,119.4688824,272.4656742,41.78979254,20.49140221,8092422.566
"37","CXCL10",690.2686735,1605.492289,2155.580797,717.9277328,3681.523105,761.3944185,395.6381026,246.2438258,157.22658,120.4987696,152.9758784,529.512254,127.9224652,256.6183684,488.5453368,201.1109308,1510.914551,500.9300164,163.1981892,31273.67963,278.3434035,163.7176364,11302.3948,112.8085953,313.9187307,332.722032,486.9671286,47492047.48
"38","CXCL11",140.7553254,406.5512454,548.9367468,170.5659502,1053.603566,90.26229276,71.79483122,44.79050636,22.77124293,6.633637977,14.33061258,52.00544678,23.48774462,42.51314662,42.34729139,28.53859717,183.3079432,38.41873667,16.90510228,9059.841342,29.35940998,21.12034731,3956.496269,27.84781811,33.7735536,33.86659948,74.22060498,4238228.818
"39","CXCL9",690.8953126,1826.557382,2223.509731,390.9729694,3858.828979,597.5841917,438.2088306,268.3992061,125.8362376,77.45884479,151.5042347,259.4612394,143.5770588,159.2182742,220.9114526,186.9242102,590.3615841,265.0825127,168.4971354,38944.01868,199.4359175,179.9813131,2918.819703,123.5555835,99.76021313,193.9209434,403.0543959,67979344.49
"40","CXCR2",65.77048345,139.5368707,325.1531904,3087.949081,3707.773465,26.76355546,12.64597482,20.8510013,73.61765642,5.107669662,20.88194891,7.644655016,11.15831089,62.58074509,341.3628029,963.1701029,280.0023863,408.3528365,115.5505074,174.1206652,64.07909887,176.8360878,48.42702155,126.093962,56.93465721,442.7589038,17610.41012,13884952.57
"41","EBI3",232.845385,856.2659917,1126.11092,220.5310958,2228.147891,10.50267123,16.93649086,8.897758981,12.21399038,15.05714204,11.53252065,119.0986128,11.63480358,164.024998,8.368172831,10.01431702,16.85549775,12.4947299,13.18836854,20437.69231,311.2058679,16.81680477,6496.243408,8.959876311,134.9737807,9.497299095,11.62603766,20227794.55
"42","EMR1",388.0876638,884.6573089,613.9936483,2414.64371,3054.122567,499.0111023,383.0612119,194.3869003,195.8964573,428.0646447,312.812165,400.2184096,182.9389251,335.8350828,447.9667425,348.0789413,188.5213167,1815.513906,203.312067,3528.214438,404.3935503,178.6781861,237.420847,287.3791829,248.1729828,16330.70798,1253.613443,11866163.84
"43","FAIM3",5939.068467,4659.837224,1752.517878,3860.205139,648.049611,11191.41447,8362.288551,254.0902643,5723.984822,8841.004838,5134.615329,1145.360549,7380.970003,4680.731681,1866.749257,2548.903709,478.4201622,117.871065,315.0175529,53.69761011,157.4129632,147.2831703,49.08029322,58.68422735,45.15325264,488.4465999,735.0353714,12332068.28
"44","FAM65B",2919.618803,2217.698832,1185.922839,3629.396036,2364.491279,4719.699579,5267.741473,237.5875518,3376.093302,4454.485846,2808.159439,256.5379971,665.2076215,910.8875823,2376.662113,1586.716996,696.5310083,2428.861545,92.82935445,193.0268711,86.87890188,136.2081634,126.2864186,187.4701407,170.8249765,2755.053484,8329.197426,4883561.326
"45","FCGR3B",216.7693251,234.0065663,306.2967974,4890.132853,5701.963368,434.6883898,191.9423831,121.1090782,178.1993614,61.46749025,133.7448215,106.4982845,64.11513732,203.850527,446.2450155,494.7560439,369.6606901,402.4458452,256.3156774,154.0822062,155.6717837,158.6201963,125.0983352,290.4715044,123.6149676,321.0470841,27546.9664,33940209.09
"46","FCN1",593.1959139,1655.658237,4112.670368,1083.661232,2146.981448,160.5487443,92.91123613,109.9311142,130.0754644,144.5883358,98.71765801,63.37271678,116.5979064,122.2714734,5094.70768,465.2336051,121.8089713,29800.42108,1401.079575,306.8296547,593.0958939,121.7194027,120.9633626,483.4804269,562.6779332,168.3568238,5370.355855,40548293.39
"47","FPR1",417.1686908,858.9379203,1482.519025,5442.04966,6600.954396,361.3212533,387.2639146,343.9217634,210.2034137,161.9808797,240.3083941,161.2444569,248.213136,222.4633603,911.9483813,397.2639649,303.3669097,9800.634834,880.9211063,801.8866109,408.5415267,281.0707287,222.4014754,660.8588777,716.9951177,3809.534017,27644.58995,36632057.52
"48","GNLY",1681.330421,1807.532627,8667.134233,286.9932995,1489.527715,9.016559093,14.52025513,19.25302109,3732.536058,134.9186388,1198.37505,233.4211369,12.65987353,24.36657201,8201.567151,21760.60028,23235.35012,19.94743339,16.57744727,20.40693277,15.74284151,22.37056888,21.45038814,26.17106781,18.37211337,24.52606794,118.2602821,44692589.49
"49","GUSBP11",7100.331199,7355.652878,436.3674454,5119.266732,170.9318363,8048.07448,10388.03123,30254.0679,521.3361484,587.5664324,151.2654723,9.073509293,447.7619209,268.2718711,15.07275333,311.6532884,98.43888337,43.51505491,6.401562035,14.61435957,286.719961,9.045254731,9.611149339,51.74630466,22.89358188,371.5811685,277.7647569,45975403.57
"50","GZMA",2346.604073,1401.496856,7968.466844,643.0780178,1574.657215,204.958358,217.1903236,91.85142742,6301.839315,440.9534741,4034.52042,1173.96483,130.7405303,318.1893547,14188.10221,13660.47953,22380.29444,132.0433731,95.37711154,109.7080589,68.0390322,93.29389844,128.6984558,50.07477091,68.27005989,150.5888289,334.8696127,36114935.2
"51","GZMB",2566.498589,3520.08042,8028.325622,943.8103,1704.779812,102.255299,68.32230989,62.71521001,2080.697741,85.36127082,58.9177582,21960.79819,64.03542312,53.64876826,6018.578754,15276.85279,23235.35012,61.71915165,136.87295,159.2974346,111.0281937,30.67820522,82.17563279,947.0769465,5600.547397,226.9706864,154.330993,50570496.49
"52","GZMH",1782.720162,1105.517462,4591.722624,571.2141853,954.2752736,21.35853068,33.95743123,41.24636078,8555.821981,198.9335618,630.7749174,896.7120375,26.30390688,79.31202778,10428.44501,11889.00904,7419.827913,36.90093477,24.82219085,15.89364427,14.88173325,17.75887232,26.34630303,17.9815414,19.61378309,52.48247611,41.85793547,14528407.35
"53","GZMK",1998.226231,507.7935289,2347.055581,824.9577237,844.6672965,184.0395826,278.1808222,100.8148697,8814.387272,1423.65694,3724.329794,187.7181578,119.8476496,51.85294841,15903.70006,1967.19369,233.6749633,67.13748264,69.54165218,107.0724606,24.66700128,79.45607344,81.98912286,38.19756342,76.14236186,151.2474716,421.2121304,14189757.64
"54","HCK",454.4943769,1103.64529,1951.060594,2198.798256,4244.600149,273.5706061,489.3443473,130.5834263,106.4569423,107.2851313,80.31784648,81.79892574,43.76861448,75.08844559,737.406205,391.7033029,184.1658664,7368.002228,3576.179245,8146.586422,4811.755806,4370.59343,3772.369126,616.1411859,834.9287387,3730.856433,7443.161769,7591752.982
"55","HDC",144.1657308,353.5446961,315.894784,1564.781075,1297.881897,147.9736788,177.8451002,310.1156544,123.8596636,18.24228689,118.9595662,82.7123624,23.22265447,91.91206074,90.33473739,200.3498771,150.8083027,129.5522336,114.2614669,200.9810494,172.2889652,149.3724413,109.8186109,9299.383668,9389.503009,1119.899701,150.6140872,7312787.295
"56","HLA-DQA1",612.4058572,826.7356201,855.4301928,844.0504798,2066.805608,942.7749076,1379.121703,161.7246112,173.4117383,122.6942485,106.9349988,167.0688665,89.17794598,621.2518682,356.7324528,219.2102706,214.9325691,275.3534268,874.2342868,4169.716387,5225.867112,7712.247914,6417.316621,190.2949934,390.0099509,68.2343922,218.2099668,5180082.249
"57","HPGDS",150.528005,578.0167477,526.195245,2896.545116,2274.004673,203.7910498,224.547027,125.9523542,83.72110944,88.13751751,182.147041,92.78922471,56.70706623,219.6942345,118.9847774,177.6752993,148.3391263,36.75265198,239.7846459,64.8769987,138.6741034,195.4447153,125.1233721,21760.60028,17743.45795,256.5193159,219.1322864,33655918.43
"58","IDO1",531.6521244,1342.931522,1882.194687,1037.176992,3827.468731,241.0650179,312.4524995,345.5621343,241.3331484,192.0869901,248.9097098,201.7392421,241.4925332,91.27779079,183.5919996,667.1972433,671.6285143,269.4662793,338.8974249,26473.42255,91.36792646,131.5732395,20536.85787,207.8915127,164.8463693,1389.417624,527.4082419,47388098.77
"59","IGHD",4934.922932,5935.254344,239.3391369,3774.165992,92.45912252,10811.41236,2526.481303,21173.52695,62.3476822,125.466199,26.14159933,21.20380232,135.5693196,28.36731347,27.10540257,32.58210537,21.68739568,50.4303708,44.70050298,97.72702921,106.3962528,78.42668997,56.63839916,32.60266038,30.03853946,257.5071029,79.25564732,24447608.13
"60","IGHM",10412.62838,10297.11001,562.1560335,8045.200517,213.1486204,21960.79819,14250.20741,31273.67963,361.7379219,46.93569691,156.9391502,260.5780432,2116.005563,593.8569709,226.0772361,162.309451,134.8648186,127.0436672,32.10709446,32.67724104,26.51832445,44.41793335,41.25586808,70.02577331,41.64994169,834.002996,98.13122154,67988764.08
"61","IGKC",15007.15084,12599.43186,811.840831,11577.86801,369.1549548,27164.52012,30254.0679,36524.44074,3097.474216,489.1798399,40.36292074,67.88787751,329.5978842,351.6837529,2059.744494,324.3571791,121.6124805,318.0695055,78.07530888,235.9541063,170.8361038,64.18688874,223.333702,100.706419,162.9166765,1108.467068,119.9968023,119864997.9
"62","IGLL3P",8264.555431,9546.209545,523.4823733,5684.863396,102.6522586,6633.535586,8962.420222,42851.28444,217.4652812,18.00926412,41.51758679,96.40860336,50.27476208,551.6984117,36.19278033,33.45486904,62.78986393,70.0394246,45.93797103,157.7551766,102.1260256,159.0326323,142.2968228,37.36510829,56.06416798,80.27971882,83.43489613,85462974.07
"63","IL1B",309.7492553,424.9655176,686.4803813,2550.757818,2542.146607,508.1423339,364.9197528,198.7896427,144.2186891,136.961868,251.1017935,200.4208119,204.2875485,284.0853434,352.1592413,250.0432905,241.5910262,1257.182131,1273.463059,675.1218227,291.824541,437.0700597,2781.903216,3282.430504,17770.60586,1137.887994,3099.346146,13997342.21
"64","IL2RB",3938.407325,4129.5192,9247.784478,1355.201796,2225.492136,2118.459057,1945.518804,848.6873784,4000.216538,818.7927424,2988.605281,7562.491571,7279.249666,12662.47545,10958.76994,18026.39249,19190.61594,321.9612928,294.5506048,221.9788101,172.9682935,246.8795571,366.1434094,341.9687806,442.6048403,381.1943018,1044.851269,34940735.17
"65","IL4R",3033.202909,3392.825104,1344.437507,3552.527911,2000.509166,11009.29392,1883.66674,291.1304361,884.659355,2125.328314,1148.814515,864.1960215,414.2300341,3102.322518,913.5881164,851.30019,1609.901147,1192.215763,1054.288345,3007.592556,846.6140012,1093.752458,2410.484546,3106.475575,4652.787414,1117.612583,2809.100785,5146414.072
"66","IL7R",5310.770862,4127.303595,2059.751364,2473.653761,1370.735098,277.7164299,454.5504216,126.0983758,15195.16858,19513.31337,18085.9446,1965.113683,3066.253514,507.1604755,2118.827609,1159.340489,341.6294609,163.3050166,5078.293455,2163.365124,85.59144108,2156.179359,7799.647099,36.56114051,325.7294175,358.0842541,742.6718185,35797710.35
"67","IRF8",3462.454312,2892.082656,2089.404304,2973.185006,2233.776416,9506.386392,7886.092193,218.3135972,350.3493603,279.6879535,45.41225697,487.5663213,610.5494813,196.6158219,992.3568261,1625.377439,2594.872072,2458.705658,1929.656915,12117.94539,3495.416283,1652.355711,2798.258545,363.7262259,798.9447795,519.9851623,281.068165,10720584.7
"68","ITK",3591.16909,3204.123882,3285.941627,1334.033649,1047.330362,468.9985735,409.7558423,192.2179775,6471.889098,9578.936337,7704.627853,3954.854034,9006.839826,7176.363772,5787.063934,3056.935046,3981.741268,124.1014103,115.0222464,90.2244571,71.26574474,102.079759,166.1778128,1344.476541,1083.589895,654.6984165,380.4695205,10939343.48
"69","KLRB1",2831.92644,1310.936004,5201.882743,898.4771128,1219.97515,119.5727193,241.3252476,39.37347577,8818.269216,317.5656356,10026.23944,500.6894521,4477.729529,1259.996581,12634.61161,12957.39238,5576.724303,90.24623781,26.68511703,33.3990692,13.5124231,94.79879985,37.00213293,37.48705237,72.13784357,276.4397193,322.6159656,19353070.35
"70","KLRF1",663.8829716,916.5229636,3385.471823,161.1711607,719.9689684,153.1504496,198.6098814,112.8639054,851.1875307,21.90774996,127.2371142,37.05749544,13.02444905,8.539704435,4962.361286,10475.7852,5911.213148,100.1145382,41.2903796,76.15970242,182.5359056,75.15348707,65.02829076,69.58226846,59.59794077,107.0253016,121.9079756,6882768.456
"71","KLRK1",1590.266872,947.4890685,3125.495768,775.4204318,726.9104018,670.2708554,280.4713279,77.84292347,8228.460511,353.8455751,276.2455792,69.14462123,105.1489388,44.32349787,5199.517616,8790.503534,5454.73273,78.91616578,44.14759366,38.56086836,62.47198947,71.21203215,47.2591819,88.01964485,77.98871131,441.4201255,246.4439838,7611505.666
"72","LAMP3",303.4476676,875.0596681,1312.351238,902.5808079,3008.310983,47.28278554,46.66817965,128.4317353,134.7841361,120.9265077,160.3048593,368.6319956,165.5835013,264.0396917,132.2010638,210.8261404,418.7096295,38.76231871,316.7767691,17116.19562,113.1413857,1014.136741,23356.30643,81.94628982,130.0600242,540.5707204,320.9232259,35600739.69
"73","LAT",1956.259484,1757.694652,1809.996659,1016.274909,881.2685234,157.4129632,133.1507052,111.4231016,3224.978584,5669.605245,3282.260737,1447.742457,8480.619457,3200.697142,2738.316414,1722.578313,1262.245177,239.5833162,603.6863585,162.813157,181.9526719,205.2650782,218.7467931,3738.758621,2477.465096,405.7028156,209.6546017,4681773.633
"74","LCK",3695.346097,3006.147829,2993.658726,1161.5195,725.9136191,337.4400897,327.1096376,40.80982734,8763.864592,8948.349603,7786.120969,4042.377012,9578.936337,6736.744097,4299.610023,3604.565205,2808.159439,80.75884433,64.45522652,25.99553349,22.85969301,43.79168499,57.6156067,33.89599017,20.84968098,245.2328838,186.8691266,12260829.73
"75","LST1",319.1331041,780.3544323,1448.977301,2591.68114,3840.595846,29.98420127,20.94422774,39.94821809,520.3780954,264.6015763,332.3730932,131.0995558,36.87140683,71.2981542,1394.203591,672.9594285,291.3221307,5975.189254,2191.478522,2243.545374,2286.079952,3691.087351,946.6004764,1224.997584,1641.972335,4186.037105,9953.015759,5851674.238
"76","LTB",8941.888454,6764.266104,5837.266594,5766.912791,2620.357194,10351.64143,12117.94539,106.6290931,9829.724672,13247.62405,12009.36242,5257.453469,9725.14216,17485.2086,3372.608476,1009.906661,16862.16904,321.3564756,127.317149,116.2863022,161.002021,184.5481051,112.0607213,222.2586327,400.9057785,2136.992363,5458.249488,36596524.69
"77","LY86",2926.711779,2088.113039,1326.296932,2567.923014,1532.613959,6947.982466,7763.972248,815.0088739,382.951912,398.8717851,198.5520941,176.7444504,208.4980914,379.3366843,1584.314572,243.1158973,224.0756082,5218.063407,1832.781159,1246.621776,6395.572444,1997.214217,601.1020453,297.4214468,221.121219,654.4709644,691.7851206,5882699.802
"78","MMP12",296.1102411,903.9055881,532.9502012,967.6442164,1875.723482,746.9258791,488.893271,163.9010445,79.27159307,52.70903607,114.8747346,105.1489388,81.69270078,265.1392895,233.2582309,98.16379,84.9536497,95.85109514,243.058639,399.1895721,221.5740634,15992.46965,3929.353984,207.7939338,2823.785573,241.2406344,296.4122687,11790086.55
"79","MMP9",928.252259,606.9026239,3907.842971,2746.408005,6395.340581,338.94428,388.1056494,357.9745698,286.9137339,359.6153524,395.4202673,258.4783862,424.4791722,396.8938938,338.8946519,688.2490954,284.1304512,335.4295326,38944.01868,2727.981464,16386.05747,3188.623948,2899.726139,1191.482432,12655.47888,635.0862911,6429.776491,78522426.74
"80","MNDA",346.2319451,1101.058084,2280.703862,4685.962105,6650.45783,29.5032353,276.0791648,5.02270779,50.81863936,9.217386051,8.750532337,4.525700455,13.50066477,38.28622427,2157.226727,790.3716005,301.3206314,11447.56145,2609.874357,4016.523813,1867.617958,4559.644609,2133.559627,2154.019115,1279.186504,3154.581987,22598.07416,26391578.82
"81","MS4A1",6232.029124,3795.155875,186.3633137,5395.230202,230.0865249,18085.9446,17478.14564,396.3913895,343.9223112,52.22897356,220.8581711,125.466199,112.2871276,272.6999955,505.1556973,193.3316222,177.3861387,128.6338935,31.97803261,94.49057817,64.19016147,64.56613288,122.1899811,80.29122433,52.09389632,704.4005013,274.6589928,26798018.17
"82","MS4A6A",759.0464809,1018.311224,1951.012832,877.7383843,2778.015853,1102.971199,616.0957235,326.3520803,221.1962643,167.8644908,216.3694922,177.7168106,149.2510114,453.0762101,2149.718655,222.7095319,191.822788,8814.800982,268.5081463,402.5623243,16167.182,3743.66762,167.4361623,704.4355853,501.7726181,408.7375549,1136.619238,14078162.46
"83","MZB1",2516.354673,3643.858849,220.489098,1563.436694,33.28143194,46.81934,122.2593141,20117.66469,42.83903749,70.2363913,9.914966708,21.78305128,18.16093232,65.46672008,62.51579389,21.76048739,26.15989089,24.85648896,22.27069193,30.4274162,33.81911592,23.21322482,22.41174764,30.79487517,29.49339673,52.52655798,29.79626914,18326733.04
"84","NCF2",630.6920973,1710.029406,3456.840615,6077.241547,9799.009651,153.4955828,345.1359814,194.190923,62.34284219,225.0278308,88.17850315,60.47608557,68.81156687,425.6902381,1620.910475,483.3850653,168.835817,12280.85608,15650.12064,762.0351121,11487.88902,11149.65069,3147.592954,956.1678627,1619.076321,20110.62767,17226.82018,44355678.9
"85","NKG7",1951.995483,1257.246393,6138.064234,626.8222774,1203.372291,6.994769751,10.33850341,7.726182177,8640.630717,106.5387015,679.6910465,947.3726372,7.582193721,18.51226305,10086.41757,13911.17937,14574.73469,34.65463899,4.93466715,217.2245766,6.547727883,4.961302934,6.557717872,429.3526592,573.0034371,24.2643021,13.31565465,22343434.7
"86","P2RX5",4003.002509,2722.962771,586.6361499,3128.03059,218.639527,9725.14216,9116.674392,2524.75311,784.9884834,670.8311858,770.0178375,524.8550881,2876.602126,725.3438736,1108.125761,507.7460936,492.8199974,175.5409499,33.05027296,21.68739568,20.0115018,37.21278271,35.5352843,174.3664719,298.9924978,355.9021695,35.46460502,7289900.095
"87","P2RY14",399.9815643,629.1130246,219.0024597,2029.545203,2035.464374,1638.857158,196.0477382,30.69853755,154.8611784,63.19960659,75.4038863,76.77594259,33.74435445,102.9533339,512.624542,214.6448472,215.2283477,51.7107481,7.681017154,21.35853068,852.5563739,214.7529288,24.7275648,2202.531209,1476.439279,9767.658851,1604.23718,4360356.071
"88","PLA2G7",209.0054697,438.0382184,1219.91812,476.0040752,1610.290382,100.7324553,79.06118962,69.94065389,24.31875779,12.76669965,36.51263796,39.26542516,37.60063067,108.8451808,178.7417662,73.09936856,50.30565877,1290.202807,10066.60469,1679.064856,1569.463396,5706.822398,5086.100024,1067.947829,980.107544,43.5153618,59.09237491,6302165.145
"89","PRF1",2959.715733,2634.185442,11171.48501,805.5706508,2192.136127,201.9573668,236.1351207,213.4124783,8182.518825,847.8104385,2130.073632,1288.368436,953.5011061,1643.00791,15440.12701,26164.60132,27164.52012,142.7487889,88.71604457,55.13574502,23.15489547,67.86490889,103.9210768,346.3646077,285.2205902,268.3717602,422.6697907,66700803.28
"90","PRG2",117.1775333,504.481541,492.4372035,2923.587005,2350.853207,98.84281244,125.3109437,157.5298559,126.6467707,107.0290453,139.1010495,165.4537351,35.31282708,68.52536924,16.54700608,70.81916153,82.7123624,117.086355,103.3752118,295.678865,263.6529152,85.47893602,89.83062765,19061.38442,20880.60329,189.2703998,59.65270386,34201427.9
"91","RNASE6",953.5546959,1365.73759,1108.285981,1310.013912,2006.291209,1799.683549,1157.232625,2281.114952,17.05134667,28.13135229,64.4438491,8.863552717,22.17275389,11.37316837,777.2554078,84.58792101,14.36766267,4038.448716,2527.65046,306.1693936,5075.103934,8418.335804,853.6151668,681.3654348,506.4674568,144.0092188,2002.128163,4386652.486
"92","S100A12",350.488775,806.51058,1788.000049,1778.510878,2346.451465,190.663133,205.6096122,206.614297,103.0892269,122.0464109,78.96882194,77.60907212,114.3269206,93.856191,2375.556565,1088.208915,220.6263312,11149.65069,143.0161359,258.3004281,123.701236,132.8315959,138.8702312,1054.174516,976.5083429,374.4516108,8781.768452,8341561.669
"93","SAMSN1",951.7462531,1537.375494,1958.667169,2947.771722,4122.614306,197.0884279,441.9005895,574.9216874,794.816235,609.2761383,1660.128114,2859.409338,577.4007393,1973.849465,1571.696585,1266.566015,2876.602126,1412.29406,645.6886884,5090.528151,3133.89778,2070.552906,7507.176097,6327.078194,4360.895256,11409.47833,1654.100485,7691510.826
"94","SELL",6657.594065,5699.49939,4224.123424,6559.582454,4261.687963,11102.0298,8002.61479,376.9049927,7418.862396,9805.46284,7104.510327,2531.49842,4188.175594,5165.445456,10585.56882,5741.494585,1590.659482,7242.740165,103.9204555,234.1716363,287.2191393,121.953751,137.3301011,353.9899758,288.7165574,3001.389383,13724.93946,18620151.97
"95","SIK1",3301.26614,2698.588688,670.9623891,2633.582703,625.6145996,5471.704926,5620.453994,7279.249666,1219.200313,494.4265452,410.006561,162.0409056,4922.268476,942.2614617,393.1870068,457.6523281,248.2954165,544.8091055,146.1531348,292.9918215,111.2439257,104.8119808,228.1768122,59.70681574,326.9960366,2371.944991,401.5465651,4819312.539
"96","TCL1A",2438.119029,2602.948741,106.285601,2309.174203,149.7291181,12117.94539,763.1449829,493.5179123,106.739179,133.6927662,105.523008,62.11998297,138.6741034,108.7230911,106.6455477,104.9994128,78.2920509,161.4604075,108.830925,109.218595,72.95993424,90.24888922,122.3968151,50.03226763,93.0399196,259.7561099,261.7385971,6517495.622
"97","TNFAIP6",351.2758412,917.1692775,1222.692308,1182.480524,3159.091855,267.9179363,259.8916347,141.1803804,81.29435266,36.71555117,94.24800971,79.12333165,63.61546587,131.8853818,147.6840939,123.7740746,145.8185128,233.4391136,347.1638911,19190.61594,325.3643379,245.9512171,8826.486407,253.2624558,2285.704444,203.2806125,3460.952883,19145457.83
"98","TPSAB1",483.6777667,938.4740416,899.4416512,4645.541518,3687.181673,1102.29779,794.7203184,151.7313169,376.0368021,43.36581215,284.8186666,147.2741095,481.0725006,28.78893808,262.6432093,465.2204213,311.7403372,543.6290931,358.1005731,368.9130231,365.4798555,397.8866549,396.8599394,27467.08759,29437.28907,918.5119625,1033.132677,68105858.22
"99","TRAC",6621.304915,5450.21166,3878.048809,2163.541863,1327.31073,572.5113556,1006.350088,215.8269579,13721.45552,14057.43026,15532.16188,8731.942274,20117.66469,19538.4969,3189.238319,815.6846136,506.0537577,208.9784165,252.2397003,151.3173183,142.6133419,215.6237237,255.9384554,159.567675,187.1669874,880.0902068,790.0055576,49433062.13
"100","TRBC1",5292.929838,4996.389508,4628.921069,1518.854401,1354.847735,575.8478308,930.328823,525.0492335,8923.922332,12460.73946,10179.78364,3287.836318,16623.7078,19876.20631,5338.319292,4520.50562,2812.593654,78.94320693,56.8335872,223.4955364,131.0995558,189.1209091,145.715446,114.6022938,47.87130436,551.5102039,181.0122765,34731186.23
"101","TRDC",1495.45384,1028.706702,5882.623928,323.7992965,1376.555923,88.17850315,81.15497901,101.0670278,3014.575466,282.0101621,781.3316356,486.8794819,370.2752613,124.6527289,17980.35398,10797.21174,11382.00872,61.01801703,30.12404697,22.31868643,24.26650252,46.6420448,30.42258616,247.3533379,209.0182876,165.8509884,162.1231973,22930740.45
"102","VNN2",234.0583635,353.1118104,665.0680469,3245.701159,3880.392959,64.9845649,79.68108191,51.04583679,445.4839483,574.7325605,87.43886769,7.680556652,183.1808863,81.25132533,1027.324135,600.7634958,133.9832531,3300.115435,462.8123954,6.198523194,8.255798098,6.33332463,7.339096499,242.3176356,17.98841772,9.753158043,18515.3558,15499161.29
